Workbook
Name d: #REF!
Name d: #REF!
Name d: #REF!
Name s: '[1]SLIP-STAFF'!#REF!

Sheet DIREKSI
A1: PT. INDOBOX UTAMA JAYA
A2: DAFTAR GAJI DIREKTUR
A3: PERIODE 01 NOVEMBER S/D 30 NOVEMBER 2025
A6: NO | B6: NAMA | C6: BAGIAN | D6: STS | E6: NIK | F6: GAJI | G6: BPJS DITANGGUNG PERUSAHAAN | K6: BPJS PER- USAHAAN | L6: TOTAL GAJI | N6: TOTAL GAJI SETELAH BPJS DAN PAJAK
G7: JKK JKM | H7: JHT | I7: JP | J7: BPJS KES | M7: PPh 21
G8: 0.0119 | H8: 0.057 | I8: 0.02 | J8: 0.05
A10: 1 | B10: LEE CHUL HUN | C10: PRESIDEN DIREKTUR | D10: K2 | E10: 0077679652012000 | F10: =270000000-5045000 -> 264955000 | G10: 595000 | H10: 2850000 | I10: 1000000 | J10: 600000 | K10: =SUM(G10:J10) -> 5045000 | L10: =+F10+K10 -> 270000000 | M10: 75600000 | N10: =+F10-M10 -> 189355000
A12: SUB TOTAL | F12: =SUM(F10:F11) -> 264955000 | G12: =SUM(G10:G11) -> 595000 | H12: =SUM(H10:H11) -> 2850000 | I12: =SUM(I10:I11) -> 1000000 | J12: =SUM(J10:J11) -> 600000 | K12: =SUM(K10:K11) -> 5045000 | L12: =SUM(L10:L11) -> 270000000 | M12: =SUM(M10:M11) -> 75600000 | N12: =SUM(N10:N11) -> 189355000

Sheet STAFF
A1: PT INDOBOX UTAMA JAYA
A2: DAFTAR GAJI STAFF
A3: PERIODE 01 NOVEMBER S/D 30 NOVEMBER 2025
A5: NO | B5: NAMA | C5: MASA | D5: JABATAN | E5: STS | F5: NIK | G5: GAJI POKOK | H5: LEMBUR | I5: TUNJANGAN | N5: TOTAL GAJI | O5: BPJS DITANGGUNG PERUSAHAAN | S5: BPJS PER- USAHAAN | T5: GAJI BRUTO | U5: BPJS DITANGGUNG KARYAWAN | Y5: POTONGAN | AA5: Gaji Setelah PPh 21 | AD5: BPJS TK | AE5: JKN | AF5: GAJI BRUTO | AG5: BIAYA JABATAN | AH5: GAJI NETTO | AI5: GAJI SETAHUN | AJ5: PTKP | AK5: PKP | AL5: PPH 21 SETAHUN | AM5: PPH 21 SEBULAN
C6: KERJA | I6: UANG JABATAN | J6: PRESTASI / | K6: BONUS | L6: UANG | M6: THR/ | O6: JKK JKM | P6: JHT | Q6: JP | R6: BPJS KES | U6: JHT | V6: JP | W6: BPJS KES | X6: TAMBAHAN | Y6: BPJS | Z6: PPh 21
L7: MAKAN | M7: BONUS | O7: 0.0119 | P7: 0.02 | Q7: 0.02 | R7: 0.04 | U7: 0.02 | V7: 0.01 | W7: 0.01 | X7: 0.01 | Y7: TK + KES | AA7: (THP) | AG7: 0.05 | AI7: 12
A9: 1 | B9: EDDY SILALAHI, SE | C9: 12 | D9: CHIEF ACC. | E9: K1 | F9: 3603280210600004 | G9: 8500000 | I9: 0 | J9: 0 | K9: 0 | L9: 0 | N9: =SUM(G9:M9) -> 8500000 | O9: 0 | P9: 0 | Q9: 0 | R9: =+AE9*$R$7 -> 340000 | S9: =SUM(O9:R9) -> 340000 | T9: =+N9+S9 -> 8840000 | U9: 0 | V9: 0 | W9: =+AE9*$W$7 -> 85000 | X9: 0 | Y9: =SUM(U9:X9) -> 85000 | Z9: 88400 | AA9: =+N9-Y9-Z9 -> 8326600 | AB9: + | AD9: 0 | AE9: =+N9 -> 8500000 | AF9: =+N9+O9+R9 -> 8840000 | AG9: =IF(AF9*$AG$7>500000,500000,AF9*$AG$7) -> 442000 | AH9: =+AF9-AG9-U9-V9 -> 8398000 | AI9: =+AH9*$AI$7 -> 100776000 | AJ9: =IF(E9="TK",54000000,(IF(OR(E9="TK1",E9="K"),58500000,(IF(OR(E9="TK2",E9="K1"),63000000,(IF(OR(OR(E9="TK3",E9="TK4"),E9="K2"),67500000,72000000))))))) -> 63000000 | AK9: =IF((+AI9-AJ9)<=0,0,TRUNC((AI9-AJ9)/1000)*1000) -> 37776000 | AL9: =IF(AK9<=60000000,AK9*5%,IF(AK9<=250000000,3000000+((AK9-60000000)*15%),IF(AK9<=500000000,31500000+((AK9-250000000)*25%),IF(AND(AK9>=500000000,AK9<=5000000000),94000000+((AK9-500000000)*30%),IF(AK9>5000000000,(1444000000+(AK9-5000000000)*35%)))))) -> 1888800 | AM9: =+AL9/12 -> 157400
A10: 2 | B10: KUSUMA DWI P. | C10: 12 | D10: MARKETING | E10: TK | F10: 3201275203830011 | G10: 9450558 | I10: 500000 | J10: 0 | K10: 0 | L10: 0 | N10: =SUM(G10:M10) -> 9950558 | O10: =+AD10*$O$7 -> 112461.64 | P10: =+AD10*$P$7 -> 189011.16 | Q10: =+AD10*$Q$7 -> 189011.16 | R10: =+AE10*$R$7 -> 398022.32 | S10: =SUM(O10:R10) -> 888506.28 | T10: =+N10+S10 -> 10839064 | U10: =+AD10*$U$7 -> 189011.16 | V10: =+AD10*$V$7 -> 94505.58 | W10: =+AE10*$W$7 -> 99505.58 | X10: 0 | Y10: =SUM(U10:X10) -> 383022.32 | Z10: 261526 | AA10: =+N10-Y10-Z10 -> 9306009.7 | AD10: =+G10 -> 9450558 | AE10: =+N10 -> 9950558 | AF10: =+N10+O10+R10 -> 10461042 | AG10: =IF(AF10*$AG$7>500000,500000,AF10*$AG$7) -> 500000 | AH10: =+AF10-AG10-U10-V10 -> 9677525.2 | AI10: =+AH10*$AI$7 -> 1.161303e+08 | AJ10: =IF(E10="TK",54000000,(IF(OR(E10="TK1",E10="K"),58500000,(IF(OR(E10="TK2",E10="K1"),63000000,(IF(OR(OR(E10="TK3",E10="TK4"),E10="K2"),67500000,72000000))))))) -> 54000000 | AK10: =IF((+AI10-AJ10)<=0,0,TRUNC((AI10-AJ10)/1000)*1000) -> 62130000 | AL10: =IF(AK10<=60000000,AK10*5%,IF(AK10<=250000000,3000000+((AK10-60000000)*15%),IF(AK10<=500000000,31500000+((AK10-250000000)*25%),IF(AND(AK10>=500000000,AK10<=5000000000),94000000+((AK10-500000000)*30%),IF(AK10>5000000000,(1444000000+(AK10-5000000000)*35%)))))) -> 3319500 | AM10: =+AL10/12 -> 276625
A11: 3 | B11: ERNI NURAENI | C11: 12 | D11: MARKETING | E11: TK | F11: 3201026310890011 | G11: 7845749 | I11: 300000 | J11: 0 | K11: 0 | L11: 0 | N11: =SUM(G11:M11) -> 8145749 | O11: =+AD11*$O$7 -> 93364.413 | P11: =+AD11*$P$7 -> 156914.98 | Q11: =+AD11*$Q$7 -> 156914.98 | R11: =+AE11*$R$7 -> 325829.96 | S11: =SUM(O11:R11) -> 733024.33 | T11: =+N11+S11 -> 8878773.3 | U11: =+AD11*$U$7 -> 156914.98 | V11: =+AD11*$V$7 -> 78457.49 | W11: =+AE11*$W$7 -> 81457.49 | X11: =+W11*1 -> 81457.49 | Y11: =SUM(U11:X11) -> 398287.45 | Z11: 149887 | AA11: =+N11-Y11-Z11 -> 7597574.5 | AD11: =+G11 -> 7845749 | AE11: =+N11 -> 8145749 | AF11: =+N11+O11+R11 -> 8564943.4 | AG11: =IF(AF11*$AG$7>500000,500000,AF11*$AG$7) -> 428247.17 | AH11: =+AF11-AG11-U11-V11 -> 7901323.7 | AI11: =+AH11*$AI$7 -> 94815885 | AJ11: =IF(E11="TK",54000000,(IF(OR(E11="TK1",E11="K"),58500000,(IF(OR(E11="TK2",E11="K1"),63000000,(IF(OR(OR(E11="TK3",E11="TK4"),E11="K2"),67500000,72000000))))))) -> 54000000 | AK11: =IF((+AI11-AJ11)<=0,0,TRUNC((AI11-AJ11)/1000)*1000) -> 40815000 | AL11: =IF(AK11<=60000000,AK11*5%,IF(AK11<=250000000,3000000+((AK11-60000000)*15%),IF(AK11<=500000000,31500000+((AK11-250000000)*25%),IF(AND(AK11>=500000000,AK11<=5000000000),94000000+((AK11-500000000)*30%),IF(AK11>5000000000,(1444000000+(AK11-5000000000)*35%)))))) -> 2040750 | AM11: =+AL11/12 -> 170062.5
A12: 4 | B12: SRI WAHYUNI | C12: 12 | D12: PERSONALIA | E12: TK | F12: 3201026406760009 | G12: 10106032 | I12: 700000 | J12: 0 | K12: 0 | L12: 0 | N12: =SUM(G12:M12) -> 10806032 | O12: =+AD12*$O$7 -> 120261.78 | P12: =+AD12*$P$7 -> 202120.64 | Q12: =+AD12*$Q$7 -> 202120.64 | R12: =+AE12*$R$7 -> 432241.28 | S12: =SUM(O12:R12) -> 956744.34 | T12: =+N12+S12 -> 11762776 | U12: =+AD12*$U$7-95931 -> 106189.64 | V12: =+AD12*$V$7 -> 101060.32 | W12: =+AE12*$W$7 -> 108060.32 | X12: =+W12*1 -> 108060.32 | Y12: =SUM(U12:X12) -> 423370.6 | Z12: 397549 | AA12: =+N12-Y12-Z12 -> 9985112.4 | AD12: =+G12 -> 10106032 | AE12: =+N12 -> 10806032 | AF12: =+N12+O12+R12 -> 11358535 | AG12: =IF(AF12*$AG$7>500000,500000,AF12*$AG$7) -> 500000 | AH12: =+AF12-AG12-U12-V12 -> 10651285 | AI12: =+AH12*$AI$7 -> 1.2781542e+08 | AJ12: =IF(E12="TK",54000000,(IF(OR(E12="TK1",E12="K"),58500000,(IF(OR(E12="TK2",E12="K1"),63000000,(IF(OR(OR(E12="TK3",E12="TK4"),E12="K2"),67500000,72000000))))))) -> 54000000 | AK12: =IF((+AI12-AJ12)<=0,0,TRUNC((AI12-AJ12)/1000)*1000) -> 73815000 | AL12: =IF(AK12<=60000000,AK12*5%,IF(AK12<=250000000,3000000+((AK12-60000000)*15%),IF(AK12<=500000000,31500000+((AK12-250000000)*25%),IF(AND(AK12>=500000000,AK12<=5000000000),94000000+((AK12-500000000)*30%),IF(AK12>5000000000,(1444000000+(AK12-5000000000)*35%)))))) -> 5072250 | AM12: =+AL12/12 -> 422687.5
A13: 5 | B13: TUTI NUR PRATIWI | C13: 12 | D13: FINANCE | E13: K2 | F13: 3201024708880005 | G13: 7970090 | I13: 500000 | J13: 0 | K13: 0 | L13: 0 | N13: =SUM(G13:M13) -> 8470090 | O13: =+AD13*$O$7 -> 94844.071 | P13: =+AD13*$P$7 -> 159401.8 | Q13: =+AD13*$Q$7 -> 159401.8 | R13: =+AE13*$R$7 -> 338803.6 | S13: =SUM(O13:R13) -> 752451.27 | T13: =+N13+S13 -> 9222541.3 | U13: =+AD13*$U$7 -> 159401.8 | V13: =+AD13*$V$7 -> 79700.9 | W13: =+AE13*$W$7 -> 84700.9 | X13: =+W13*2+2920+15 -> 172336.8 | Y13: =SUM(U13:X13) -> 496140.4 | Z13: 89037 | AA13: =+N13-Y13-Z13 -> 7884912.6 | AD13: =+G13 -> 7970090 | AE13: =+N13 -> 8470090 | AF13: =+N13+O13+R13 -> 8903737.7 | AG13: =IF(AF13*$AG$7>500000,500000,AF13*$AG$7) -> 445186.88 | AH13: =+AF13-AG13-U13-V13 -> 8219448.1 | AI13: =+AH13*$AI$7 -> 98633377 | AJ13: =IF(E13="TK",54000000,(IF(OR(E13="TK1",E13="K"),58500000,(IF(OR(E13="TK2",E13="K1"),63000000,(IF(OR(OR(E13="TK3",E13="TK4"),E13="K2"),67500000,72000000))))))) -> 67500000 | AK13: =IF((+AI13-AJ13)<=0,0,TRUNC((AI13-AJ13)/1000)*1000) -> 31133000 | AL13: =IF(AK13<=60000000,AK13*5%,IF(AK13<=250000000,3000000+((AK13-60000000)*15%),IF(AK13<=500000000,31500000+((AK13-250000000)*25%),IF(AND(AK13>=500000000,AK13<=5000000000),94000000+((AK13-500000000)*30%),IF(AK13>5000000000,(1444000000+(AK13-5000000000)*35%)))))) -> 1556650 | AM13: =+AL13/12 -> 129720.83
A14: 6 | B14: UJANG SAILAN | C14: 12 | D14: KPL.WONDAN | E14: K1 | F14: 3201022705750006 | G14: 8321247 | I14: 300000 | J14: 0 | K14: 0 | L14: 0 | N14: =SUM(G14:M14) -> 8621247 | O14: =+AD14*$O$7 -> 99022.839 | P14: =+AD14*$P$7 -> 166424.94 | Q14: =+AD14*$Q$7 -> 166424.94 | R14: =+AE14*$R$7 -> 344849.88 | S14: =SUM(O14:R14) -> 776722.6 | T14: =+N14+S14 -> 9397969.6 | U14: =+AD14*$U$7 -> 166424.94 | V14: =+AD14*$V$7 -> 83212.47 | W14: =+AE14*$W$7 -> 86212.47 | X14: =+W14*1 -> 86212.47 | Y14: =SUM(U14:X14) -> 422062.35 | Z14: 90651 | AA14: =+N14-Y14-Z14 -> 8108533.7 | AD14: =+G14 -> 8321247 | AE14: =+N14 -> 8621247 | AF14: =+N14+O14+R14 -> 9065119.7 | AG14: =IF(AF14*$AG$7>500000,500000,AF14*$AG$7) -> 453255.99 | AH14: =+AF14-AG14-U14-V14 -> 8362226.3 | AI14: =+AH14*$AI$7 -> 1.0034672e+08 | AJ14: =IF(E14="TK",54000000,(IF(OR(E14="TK1",E14="K"),58500000,(IF(OR(E14="TK2",E14="K1"),63000000,(IF(OR(OR(E14="TK3",E14="TK4"),E14="K2"),67500000,72000000))))))) -> 63000000 | AK14: =IF((+AI14-AJ14)<=0,0,TRUNC((AI14-AJ14)/1000)*1000) -> 37346000 | AL14: =IF(AK14<=60000000,AK14*5%,IF(AK14<=250000000,3000000+((AK14-60000000)*15%),IF(AK14<=500000000,31500000+((AK14-250000000)*25%),IF(AND(AK14>=500000000,AK14<=5000000000),94000000+((AK14-500000000)*30%),IF(AK14>5000000000,(1444000000+(AK14-5000000000)*35%)))))) -> 1867300 | AM14: =+AL14/12 -> 155608.33
A15: 7 | B15: INDRA WIJAYA KUSUMA | C15: 12 | D15: KPL.SHIFT | E15: K2 | F15: 3201021111850018 | G15: 8700359 | I15: 500000 | J15: 0 | K15: 0 | L15: 0 | N15: =SUM(G15:M15) -> 9200359 | O15: =+AD15*$O$7 -> 103534.27 | P15: =+AD15*$P$7 -> 174007.18 | Q15: =+AD15*$Q$7 -> 174007.18 | R15: =+AE15*$R$7 -> 368014.36 | S15: =SUM(O15:R15) -> 819562.99 | T15: =+N15+S15 -> 10019922 | U15: =+AD15*$U$7 -> 174007.18 | V15: =+AD15*$V$7 -> 87003.59 | W15: =+AE15*$W$7 -> 92003.59 | X15: 0 | Y15: =SUM(U15:X15) -> 353014.36 | Z15: 145079 | AA15: =+N15-Y15-Z15 -> 8702265.6 | AD15: =+G15 -> 8700359 | AE15: =+N15 -> 9200359 | AF15: =+N15+O15+R15 -> 9671907.6 | AG15: =IF(AF15*$AG$7>500000,500000,AF15*$AG$7) -> 483595.38 | AH15: =+AF15-AG15-U15-V15 -> 8927301.5 | AI15: =+AH15*$AI$7 -> 1.0712762e+08 | AJ15: =IF(E15="TK",54000000,(IF(OR(E15="TK1",E15="K"),58500000,(IF(OR(E15="TK2",E15="K1"),63000000,(IF(OR(OR(E15="TK3",E15="TK4"),E15="K2"),67500000,72000000))))))) -> 67500000 | AK15: =IF((+AI15-AJ15)<=0,0,TRUNC((AI15-AJ15)/1000)*1000) -> 39627000 | AL15: =IF(AK15<=60000000,AK15*5%,IF(AK15<=250000000,3000000+((AK15-60000000)*15%),IF(AK15<=500000000,31500000+((AK15-250000000)*25%),IF(AND(AK15>=500000000,AK15<=5000000000),94000000+((AK15-500000000)*30%),IF(AK15>5000000000,(1444000000+(AK15-5000000000)*35%)))))) -> 1981350 | AM15: =+AL15/12 -> 165112.5
A16: 8 | B16: SANAN BIN AJA | C16: 12 | D16: KPL.SHIFT | E16: K1 | F16: 3201072609800003 | G16: 8700359 | I16: 500000 | J16: 0 | K16: 0 | L16: 0 | N16: =SUM(G16:M16) -> 9200359 | O16: =+AD16*$O$7 -> 103534.27 | P16: =+AD16*$P$7 -> 174007.18 | Q16: =+AD16*$Q$7 -> 174007.18 | R16: =+AE16*$R$7 -> 368014.36 | S16: =SUM(O16:R16) -> 819562.99 | T16: =+N16+S16 -> 10019922 | U16: =+AD16*$U$7 -> 174007.18 | V16: =+AD16*$V$7 -> 87003.59 | W16: =+AE16*$W$7 -> 92003.59 | X16: 0 | Y16: =SUM(U16:X16) -> 353014.36 | Z16: 145079 | AA16: =+N16-Y16-Z16 -> 8702265.6 | AD16: =+G16 -> 8700359 | AE16: =+N16 -> 9200359 | AF16: =+N16+O16+R16 -> 9671907.6 | AG16: =IF(AF16*$AG$7>500000,500000,AF16*$AG$7) -> 483595.38 | AH16: =+AF16-AG16-U16-V16 -> 8927301.5 | AI16: =+AH16*$AI$7 -> 1.0712762e+08 | AJ16: =IF(E16="TK",54000000,(IF(OR(E16="TK1",E16="K"),58500000,(IF(OR(E16="TK2",E16="K1"),63000000,(IF(OR(OR(E16="TK3",E16="TK4"),E16="K2"),67500000,72000000))))))) -> 63000000 | AK16: =IF((+AI16-AJ16)<=0,0,TRUNC((AI16-AJ16)/1000)*1000) -> 44127000 | AL16: =IF(AK16<=60000000,AK16*5%,IF(AK16<=250000000,3000000+((AK16-60000000)*15%),IF(AK16<=500000000,31500000+((AK16-250000000)*25%),IF(AND(AK16>=500000000,AK16<=5000000000),94000000+((AK16-500000000)*30%),IF(AK16>5000000000,(1444000000+(AK16-5000000000)*35%)))))) -> 2206350 | AM16: =+AL16/12 -> 183862.5
A17: 9 | B17: ABDUROHMAT YUSUP | C17: 12 | D17: KPL.DELIVERY | E17: K2 | F17: 3201021309850004 | G17: 6519752 | I17: 300000 | J17: 0 | K17: 0 | L17: 0 | N17: =SUM(G17:M17) -> 6819752 | O17: =+AD17*$O$7 -> 77585.049 | P17: =+AD17*$P$7 -> 130395.04 | Q17: =+AD17*$Q$7 -> 130395.04 | R17: =+AE17*$R$7 -> 272790.08 | S17: =SUM(O17:R17) -> 611165.21 | T17: =+N17+S17 -> 7430917.2 | U17: =+AD17*$U$7 -> 130395.04 | V17: =+AD17*$V$7 -> 65197.52 | W17: =+AE17*$W$7 -> 68197.52 | X17: 0 | Y17: =SUM(U17:X17) -> 263790.08 | Z17: 53776 | AA17: =+N17-Y17-Z17 -> 6502185.9 | AD17: =+G17 -> 6519752 | AE17: =+N17 -> 6819752 | AF17: =+N17+O17+R17 -> 7170127.1 | AG17: =IF(AF17*$AG$7>500000,500000,AF17*$AG$7) -> 358506.36 | AH17: =+AF17-AG17-U17-V17 -> 6616028.2 | AI17: =+AH17*$AI$7 -> 79392339 | AJ17: =IF(E17="TK",54000000,(IF(OR(E17="TK1",E17="K"),58500000,(IF(OR(E17="TK2",E17="K1"),63000000,(IF(OR(OR(E17="TK3",E17="TK4"),E17="K2"),67500000,72000000))))))) -> 67500000 | AK17: =IF((+AI17-AJ17)<=0,0,TRUNC((AI17-AJ17)/1000)*1000) -> 11892000 | AL17: =IF(AK17<=60000000,AK17*5%,IF(AK17<=250000000,3000000+((AK17-60000000)*15%),IF(AK17<=500000000,31500000+((AK17-250000000)*25%),IF(AND(AK17>=500000000,AK17<=5000000000),94000000+((AK17-500000000)*30%),IF(AK17>5000000000,(1444000000+(AK17-5000000000)*35%)))))) -> 594600 | AM17: =+AL17/12 -> 49550
A18: 10 | B18: MUH ARIF ROFIUDIN | C18: 12 | D18: FINISHING | E18: K1 | F18: 3201080506810002 | G18: 6009388 | I18: 200000 | J18: 0 | K18: 0 | L18: 0 | N18: =SUM(G18:M18) -> 6209388 | O18: =+AD18*$O$7 -> 71511.717 | P18: =+AD18*$P$7 -> 120187.76 | Q18: =+AD18*$Q$7 -> 120187.76 | R18: =+AE18*$R$7 -> 248375.52 | S18: =SUM(O18:R18) -> 560262.76 | T18: =+N18+S18 -> 6769650.8 | U18: =+AD18*$U$7 -> 120187.76 | V18: =+AD18*$V$7 -> 60093.88 | W18: =+AE18*$W$7 -> 62093.88 | X18: 0 | Y18: =SUM(U18:X18) -> 242375.52 | Z18: 32646 | AA18: =+N18-Y18-Z18 -> 5934366.5 | AD18: =+G18 -> 6009388 | AE18: =+N18 -> 6209388 | AF18: =+N18+O18+R18 -> 6529275.2 | AG18: =IF(AF18*$AG$7>500000,500000,AF18*$AG$7) -> 326463.76 | AH18: =+AF18-AG18-U18-V18 -> 6022529.8 | AI18: =+AH18*$AI$7 -> 72270358 | AJ18: =IF(E18="TK",54000000,(IF(OR(E18="TK1",E18="K"),58500000,(IF(OR(E18="TK2",E18="K1"),63000000,(IF(OR(OR(E18="TK3",E18="TK4"),E18="K2"),67500000,72000000))))))) -> 63000000 | AK18: =IF((+AI18-AJ18)<=0,0,TRUNC((AI18-AJ18)/1000)*1000) -> 9270000 | AL18: =IF(AK18<=60000000,AK18*5%,IF(AK18<=250000000,3000000+((AK18-60000000)*15%),IF(AK18<=500000000,31500000+((AK18-250000000)*25%),IF(AND(AK18>=500000000,AK18<=5000000000),94000000+((AK18-500000000)*30%),IF(AK18>5000000000,(1444000000+(AK18-5000000000)*35%)))))) -> 463500 | AM18: =+AL18/12 -> 38625
A19: 11 | B19: MANSUR BIN SAIRAN | C19: 12 | D19: KPL.DELIVERY | E19: K3 | F19: 3201020706810006 | G19: 6244338 | I19: 200000 | J19: 0 | K19: 0 | L19: 0 | N19: =SUM(G19:M19) -> 6444338 | O19: =+AD19*$O$7 -> 74307.622 | P19: =+AD19*$P$7 -> 124886.76 | Q19: =+AD19*$Q$7 -> 124886.76 | R19: =+AE19*$R$7 -> 257773.52 | S19: =SUM(O19:R19) -> 581854.66 | T19: =+N19+S19 -> 7026192.7 | U19: =+AD19*$U$7 -> 124886.76 | V19: =+AD19*$V$7 -> 62443.38 | W19: =+AE19*$W$7 -> 64443.38 | X19: 0 | Y19: =SUM(U19:X19) -> 251773.52 | Z19: 16941 | AA19: =+N19-Y19-Z19 -> 6175623.5 | AD19: =+G19 -> 6244338 | AE19: =+N19 -> 6444338 | AF19: =+N19+O19+R19 -> 6776419.1 | AG19: =IF(AF19*$AG$7>500000,500000,AF19*$AG$7) -> 338820.96 | AH19: =+AF19-AG19-U19-V19 -> 6250268 | AI19: =+AH19*$AI$7 -> 75003217 | AJ19: =IF(E19="TK",54000000,(IF(OR(E19="TK1",E19="K"),58500000,(IF(OR(E19="TK2",E19="K1"),63000000,(IF(OR(OR(E19="TK3",E19="TK4"),E19="K2"),67500000,72000000))))))) -> 72000000 | AK19: =IF((+AI19-AJ19)<=0,0,TRUNC((AI19-AJ19)/1000)*1000) -> 3003000 | AL19: =IF(AK19<=60000000,AK19*5%,IF(AK19<=250000000,3000000+((AK19-60000000)*15%),IF(AK19<=500000000,31500000+((AK19-250000000)*25%),IF(AND(AK19>=500000000,AK19<=5000000000),94000000+((AK19-500000000)*30%),IF(AK19>5000000000,(1444000000+(AK19-5000000000)*35%)))))) -> 150150 | AM19: =+AL19/12 -> 12512.5
A20: 12 | B20: SUMIYATI | C20: 12 | D20: PURCHASING | E20: TK | F20: 3201025401940010 | G20: 6340220 | I20: 200000 | J20: 0 | K20: 0 | L20: 0 | N20: =SUM(G20:M20) -> 6540220 | O20: =+AD20*$O$7 -> 75448.618 | P20: =+AD20*$P$7 -> 126804.4 | Q20: =+AD20*$Q$7 -> 126804.4 | R20: =+AE20*$R$7 -> 261608.8 | S20: =SUM(O20:R20) -> 590666.22 | T20: =+N20+S20 -> 7130886.2 | U20: =+AD20*$U$7 -> 126804.4 | V20: =+AD20*$V$7 -> 63402.2 | W20: =+AE20*$W$7 -> 65402.2 | X20: =+W20*2 -> 130804.4 | Y20: =SUM(U20:X20) -> 386413.2 | Z20: 85966 | AA20: =+N20-Y20-Z20 -> 6067840.8 | AD20: =+G20 -> 6340220 | AE20: =+N20 -> 6540220 | AF20: =+N20+O20+R20 -> 6877277.4 | AG20: =IF(AF20*$AG$7>500000,500000,AF20*$AG$7) -> 343863.87 | AH20: =+AF20-AG20-U20-V20 -> 6343206.9 | AI20: =+AH20*$AI$7 -> 76118483 | AJ20: =IF(E20="TK",54000000,(IF(OR(E20="TK1",E20="K"),58500000,(IF(OR(E20="TK2",E20="K1"),63000000,(IF(OR(OR(E20="TK3",E20="TK4"),E20="K2"),67500000,72000000))))))) -> 54000000 | AK20: =IF((+AI20-AJ20)<=0,0,TRUNC((AI20-AJ20)/1000)*1000) -> 22118000 | AL20: =IF(AK20<=60000000,AK20*5%,IF(AK20<=250000000,3000000+((AK20-60000000)*15%),IF(AK20<=500000000,31500000+((AK20-250000000)*25%),IF(AND(AK20>=500000000,AK20<=5000000000),94000000+((AK20-500000000)*30%),IF(AK20>5000000000,(1444000000+(AK20-5000000000)*35%)))))) -> 1105900 | AM20: =+AL20/12 -> 92158.333
A21: 13 | B21: ENCEP IMAN | C21: 12 | D21: FINISHING | E21: K2 | F21: 3201022209710009 | G21: 6046413 | I21: 300000 | J21: 0 | K21: 0 | L21: 0 | N21: =SUM(G21:M21) -> 6346413 | O21: =+AD21*$O$7 -> 71952.315 | P21: =+AD21*$P$7 -> 120928.26 | Q21: =+AD21*$Q$7 -> 120928.26 | R21: =+AE21*$R$7 -> 253856.52 | S21: =SUM(O21:R21) -> 567665.35 | T21: =+N21+S21 -> 6914078.4 | U21: =+AD21*$U$7 -> 120928.26 | V21: =+AD21*$V$7 -> 60464.13 | W21: =+AE21*$W$7 -> 63464.13 | X21: 0 | Y21: =SUM(U21:X21) -> 244856.52 | Z21: 66722 | AA21: =+N21-Y21-Z21 -> 6034834.5 | AD21: =+G21 -> 6046413 | AE21: =+N21 -> 6346413 | AF21: =+N21+O21+R21 -> 6672221.8 | AG21: =IF(AF21*$AG$7>500000,500000,AF21*$AG$7) -> 333611.09 | AH21: =+AF21-AG21-U21-V21 -> 6157218.4 | AI21: =+AH21*$AI$7 -> 73886620 | AJ21: =IF(E21="TK",54000000,(IF(OR(E21="TK1",E21="K"),58500000,(IF(OR(E21="TK2",E21="K1"),63000000,(IF(OR(OR(E21="TK3",E21="TK4"),E21="K2"),67500000,72000000))))))) -> 67500000 | AK21: =IF((+AI21-AJ21)<=0,0,TRUNC((AI21-AJ21)/1000)*1000) -> 6386000 | AL21: =IF(AK21<=60000000,AK21*5%,IF(AK21<=250000000,3000000+((AK21-60000000)*15%),IF(AK21<=500000000,31500000+((AK21-250000000)*25%),IF(AND(AK21>=500000000,AK21<=5000000000),94000000+((AK21-500000000)*30%),IF(AK21>5000000000,(1444000000+(AK21-5000000000)*35%)))))) -> 319300 | AM21: =+AL21/12 -> 26608.333
A22: 14 | B22: RINA AULIA KRESNA R | C22: 12 | D22: ACCOUNTING | E22: TK | F22: 3201026001960004 | G22: 5353160 | I22: 200000 | J22: 0 | K22: 0 | L22: 0 | N22: =SUM(G22:M22) -> 5553160 | O22: =+AD22*$O$7 -> 63702.604 | P22: =+AD22*$P$7 -> 107063.2 | Q22: =+AD22*$Q$7 -> 107063.2 | R22: =+AE22*$R$7 -> 222126.4 | S22: =SUM(O22:R22) -> 499955.4 | T22: =+N22+S22 -> 6053115.4 | U22: =+AD22*$U$7 -> 107063.2 | V22: =+AD22*$V$7 -> 53531.6 | W22: =+AE22*$W$7 -> 55531.6 | X22: 0 | Y22: =SUM(U22:X22) -> 216126.4 | Z22: 29195 | AA22: =+N22-Y22-Z22 -> 5307838.6 | AD22: =+G22 -> 5353160 | AE22: =+N22 -> 5553160 | AF22: =+N22+O22+R22 -> 5838989 | AG22: =IF(AF22*$AG$7>500000,500000,AF22*$AG$7) -> 291949.45 | AH22: =+AF22-AG22-U22-V22 -> 5386444.8 | AI22: =+AH22*$AI$7 -> 64637337 | AJ22: =IF(E22="TK",54000000,(IF(OR(E22="TK1",E22="K"),58500000,(IF(OR(E22="TK2",E22="K1"),63000000,(IF(OR(OR(E22="TK3",E22="TK4"),E22="K2"),67500000,72000000))))))) -> 54000000 | AK22: =IF((+AI22-AJ22)<=0,0,TRUNC((AI22-AJ22)/1000)*1000) -> 10637000 | AL22: =IF(AK22<=60000000,AK22*5%,IF(AK22<=250000000,3000000+((AK22-60000000)*15%),IF(AK22<=500000000,31500000+((AK22-250000000)*25%),IF(AND(AK22>=500000000,AK22<=5000000000),94000000+((AK22-500000000)*30%),IF(AK22>5000000000,(1444000000+(AK22-5000000000)*35%)))))) -> 531850 | AM22: =+AL22/12 -> 44320.833
A23: 15 | B23: LUTHFYA BILQIS | C23: 12 | D23: ADM BC | E23: TK | F23: 3317146201000001 | G23: 4877211 | I23: 200000 | J23: 0 | K23: 0 | L23: 0 | N23: =SUM(G23:M23) -> 5077211 | O23: =+AD23*$O$7 -> 58038.811 | P23: =+AD23*$P$7 -> 97544.22 | Q23: =+AD23*$Q$7 -> 97544.22 | R23: =+AE23*$R$7 -> 203088.44 | S23: =SUM(O23:R23) -> 456215.69 | T23: =+N23+S23 -> 5533426.7 | U23: =+AD23*$U$7 -> 97544.22 | V23: =+AD23*$V$7 -> 48772.11 | W23: =+AE23*$W$7 -> 50772.11 | X23: 0 | Y23: =SUM(U23:X23) -> 197088.44 | Z23: 0 | AA23: =+N23-Y23-Z23 -> 4880122.6 | AD23: =+G23 -> 4877211 | AE23: =+N23 -> 5077211 | AF23: =+N23+O23+R23 -> 5338338.3 | AG23: =IF(AF23*$AG$7>500000,500000,AF23*$AG$7) -> 266916.91 | AH23: =+AF23-AG23-U23-V23 -> 4925105 | AI23: =+AH23*$AI$7 -> 59101260 | AJ23: =IF(E23="TK",54000000,(IF(OR(E23="TK1",E23="K"),58500000,(IF(OR(E23="TK2",E23="K1"),63000000,(IF(OR(OR(E23="TK3",E23="TK4"),E23="K2"),67500000,72000000))))))) -> 54000000 | AK23: =IF((+AI23-AJ23)<=0,0,TRUNC((AI23-AJ23)/1000)*1000) -> 5101000 | AL23: =IF(AK23<=60000000,AK23*5%,IF(AK23<=250000000,3000000+((AK23-60000000)*15%),IF(AK23<=500000000,31500000+((AK23-250000000)*25%),IF(AND(AK23>=500000000,AK23<=5000000000),94000000+((AK23-500000000)*30%),IF(AK23>5000000000,(1444000000+(AK23-5000000000)*35%)))))) -> 255050 | AM23: =+AL23/12 -> 21254.167
A24: 16 | B24: IBNU NURDIANSYAH | C24: 12 | D24: ADM PRODUKSI | E24: TK | F24: 3201021605010002 | G24: 4877211 | I24: 200000 | J24: 0 | K24: 0 | L24: 0 | N24: =SUM(G24:M24) -> 5077211 | O24: =+AD24*$O$7 -> 58038.811 | P24: =+AD24*$P$7 -> 97544.22 | Q24: =+AD24*$Q$7 -> 97544.22 | R24: =+AE24*$R$7 -> 203088.44 | S24: =SUM(O24:R24) -> 456215.69 | T24: =+N24+S24 -> 5533426.7 | U24: =+AD24*$U$7 -> 97544.22 | V24: =+AD24*$V$7 -> 48772.11 | W24: =+AE24*$W$7 -> 50772.11 | X24: 0 | Y24: =SUM(U24:X24) -> 197088.44 | Z24: 0 | AA24: =+N24-Y24-Z24 -> 4880122.6 | AD24: =+G24 -> 4877211 | AE24: =+N24 -> 5077211 | AF24: =+N24+O24+R24 -> 5338338.3 | AG24: =IF(AF24*$AG$7>500000,500000,AF24*$AG$7) -> 266916.91 | AH24: =+AF24-AG24-U24-V24 -> 4925105 | AI24: =+AH24*$AI$7 -> 59101260 | AJ24: =IF(E24="TK",54000000,(IF(OR(E24="TK1",E24="K"),58500000,(IF(OR(E24="TK2",E24="K1"),63000000,(IF(OR(OR(E24="TK3",E24="TK4"),E24="K2"),67500000,72000000))))))) -> 54000000 | AK24: =IF((+AI24-AJ24)<=0,0,TRUNC((AI24-AJ24)/1000)*1000) -> 5101000 | AL24: =IF(AK24<=60000000,AK24*5%,IF(AK24<=250000000,3000000+((AK24-60000000)*15%),IF(AK24<=500000000,31500000+((AK24-250000000)*25%),IF(AND(AK24>=500000000,AK24<=5000000000),94000000+((AK24-500000000)*30%),IF(AK24>5000000000,(1444000000+(AK24-5000000000)*35%)))))) -> 255050 | AM24: =+AL24/12 -> 21254.167
A25: 17 | B25: VIRYA ADELIA SAVITRI | C25: 12 | D25: ADM | E25: TK | F25: 3201024209970007 | G25: 4877211 | I25: 200000 | J25: 0 | K25: 0 | L25: 0 | N25: =SUM(G25:M25) -> 5077211 | O25: =+AD25*$O$7 -> 58038.811 | P25: =+AD25*$P$7 -> 97544.22 | Q25: =+AD25*$Q$7 -> 97544.22 | R25: =+AE25*$R$7 -> 203088.44 | S25: =SUM(O25:R25) -> 456215.69 | T25: =+N25+S25 -> 5533426.7 | U25: =+AD25*$U$7 -> 97544.22 | V25: =+AD25*$V$7 -> 48772.11 | W25: =+AE25*$W$7 -> 50772.11 | X25: 0 | Y25: =SUM(U25:X25) -> 197088.44 | Z25: 0 | AA25: =+N25-Y25-Z25 -> 4880122.6 | AD25: =+G25 -> 4877211 | AE25: =+N25 -> 5077211 | AF25: =+N25+O25+R25 -> 5338338.3 | AG25: =IF(AF25*$AG$7>500000,500000,AF25*$AG$7) -> 266916.91 | AH25: =+AF25-AG25-U25-V25 -> 4925105 | AI25: =+AH25*$AI$7 -> 59101260 | AJ25: =IF(E25="TK",54000000,(IF(OR(E25="TK1",E25="K"),58500000,(IF(OR(E25="TK2",E25="K1"),63000000,(IF(OR(OR(E25="TK3",E25="TK4"),E25="K2"),67500000,72000000))))))) -> 54000000 | AK25: =IF((+AI25-AJ25)<=0,0,TRUNC((AI25-AJ25)/1000)*1000) -> 5101000 | AL25: =IF(AK25<=60000000,AK25*5%,IF(AK25<=250000000,3000000+((AK25-60000000)*15%),IF(AK25<=500000000,31500000+((AK25-250000000)*25%),IF(AND(AK25>=500000000,AK25<=5000000000),94000000+((AK25-500000000)*30%),IF(AK25>5000000000,(1444000000+(AK25-5000000000)*35%)))))) -> 255050 | AM25: =+AL25/12 -> 21254.167
A26: 18 | B26: ZASKIA EVA | C26: 12 | D26: ADM | E26: TK | F26: 3602206110020001 | G26: 4877211 | I26: 200000 | J26: 0 | K26: 0 | L26: 0 | N26: =SUM(G26:M26) -> 5077211 | O26: =+AD26*$O$7 -> 58038.811 | P26: =+AD26*$P$7 -> 97544.22 | Q26: =+AD26*$Q$7 -> 97544.22 | R26: =+AE26*$R$7 -> 203088.44 | S26: =SUM(O26:R26) -> 456215.69 | T26: =+N26+S26 -> 5533426.7 | U26: =+AD26*$U$7 -> 97544.22 | V26: =+AD26*$V$7 -> 48772.11 | W26: =+AE26*$W$7 -> 50772.11 | X26: 0 | Y26: =SUM(U26:X26) -> 197088.44 | Z26: 0 | AA26: =+N26-Y26-Z26 -> 4880122.6 | AD26: =+G26 -> 4877211 | AE26: =+N26 -> 5077211 | AF26: =+N26+O26+R26 -> 5338338.3 | AG26: =IF(AF26*$AG$7>500000,500000,AF26*$AG$7) -> 266916.91 | AH26: =+AF26-AG26-U26-V26 -> 4925105 | AI26: =+AH26*$AI$7 -> 59101260 | AJ26: =IF(E26="TK",54000000,(IF(OR(E26="TK1",E26="K"),58500000,(IF(OR(E26="TK2",E26="K1"),63000000,(IF(OR(OR(E26="TK3",E26="TK4"),E26="K2"),67500000,72000000))))))) -> 54000000 | AK26: =IF((+AI26-AJ26)<=0,0,TRUNC((AI26-AJ26)/1000)*1000) -> 5101000 | AL26: =IF(AK26<=60000000,AK26*5%,IF(AK26<=250000000,3000000+((AK26-60000000)*15%),IF(AK26<=500000000,31500000+((AK26-250000000)*25%),IF(AND(AK26>=500000000,AK26<=5000000000),94000000+((AK26-500000000)*30%),IF(AK26>5000000000,(1444000000+(AK26-5000000000)*35%)))))) -> 255050 | AM26: =+AL26/12 -> 21254.167
W27: =SUM(W9:W27) -> 0
A28: SUB TOTAL | G28: =SUM(G9:G27) -> 125616509 | H28: =SUM(H9:H27) -> 0 | I28: =SUM(I9:I27) -> 5500000 | J28: =SUM(J10:J27) -> 0 | K28: =SUM(K8:K27) -> 0 | L28: =SUM(L9:L27) -> 0 | M28: =SUM(M9:M27) -> 0 | N28: =SUM(N9:N27) -> 131116509 | O28: =SUM(O9:O27) -> 1393686.5 | P28: =SUM(P9:P27) -> 2342330.2 | Q28: =SUM(Q9:Q27) -> 2342330.2 | R28: =SUM(R9:R27) -> 5244660.4 | S28: =SUM(S9:S27) -> 11323007 | ... V28: =SUM(V9:V27) -> 1171165.1 | W28: =SUM(W9:W26) -> 1311165.1 | X28: =SUM(X9:X27) -> 578871.48 | Y28: =SUM(Y9:Y27) -> 5307600.8 | Z28: =SUM(Z9:Z27) -> 1652454 | AA28: =SUM(AA9:AA27) -> 1.2415645e+08
N29: =+T28 -> 1.4243952e+08 | S29: =+O28+P28+Q28+U28+V28 -> 9495911.1 | T29: =+R28+W28+X28 -> 7134696.9 | Z29: =+Z28 -> 1652454 | AA29: =+AA28 -> 1.2415645e+08

Sheet SLIP-STAFF
B5: SLIP GAJI | L5: SLIP GAJI
B6: No. Urut | C6: : | D6: ='[2]G-STAFF'!A8 -> 1 | L6: No. Urut | M6: : | N6: ='[2]G-STAFF'!A9 -> 2
B7: Periode | C7: : | D7: ='[2]G-STAFF'!A3 -> 01 JANUARI S/D 31 JANUARI 2025 | L7: Periode | M7: : | N7: ='[2]G-STAFF'!A3 -> 01 JANUARI S/D 31 JANUARI 2025
B8: Nama Karyawan | C8: : | D8: ='[2]G-STAFF'!B8 -> EDDY SILALAHI, SE | L8: Nama Karyawan | M8: : | N8: ='[2]G-STAFF'!B9 -> KUSUMA DWI PRABASARI
B9: Bagian / Jabatan | C9: : | D9: ='[2]G-STAFF'!H8 -> CHIEF ACC. | L9: Bagian / Jabatan | M9: : | N9: ='[2]G-STAFF'!H9 -> PPIC/MARKETING
B11: PENERIMAAN | L11: PENERIMAAN
B12: GAJI POKOK | H12: ='[2]G-STAFF'!J8 -> 8500000 | L12: GAJI POKOK | R12: =+STAFF!G10 -> 9450558
B13: TUNJANGAN JABATAN | H13: =+STAFF!I9 -> 0 | L13: TUNJANGAN JABATAN | R13: =+STAFF!I10 -> 500000
B14: TUNJANGAN BPJS | H14: =+STAFF!S9 -> 340000 | L14: TUNJANGAN BPJS | R14: =+STAFF!S10 -> 888506.28
B15: UANG MAKAN | D15: 0 | E15: H.K | F15: X | G15: 0 | H15: =G15*D15 -> 0 | L15: UANG MAKAN | N15: 0 | O15: H.K | P15: X | Q15: 0 | R15: =Q15*N15 -> 0
B16: HL/HM/HR | D16: ='[2]G-STAFF'!CH8 -> 0 | E16: JAM | F16: X | G16: ='[2]G-STAFF'!M8 -> 0 | H16: =G16*D16 -> 0 | L16: HL/HM/HR | N16: ='[2]G-STAFF'!CO8 -> 0 | O16: JAM | P16: X | Q16: ='[2]G-STAFF'!M9 -> 0 | R16: =Q16*N16 -> 0
B17: H.BIASA | D17: ='[2]G-STAFF'!CG8 -> 0 | E17: JAM | F17: X | G17: =G16 -> 0 | H17: =G17*D17 -> 0 | L17: H.BIASA | N17: ='[2]G-STAFF'!CN8 -> 0 | O17: JAM | P17: X | Q17: =Q16 -> 0 | R17: =Q17*N17 -> 0
B18: TOTAL GAJI | D18: ='[2]G-STAFF'!CI8 -> 0 | H18: =SUM(H12:H17) -> 8840000 | L18: TOTAL GAJI | N18: ='[2]G-STAFF'!CP8 -> 0 | R18: =SUM(R12:R17) -> 10839064
B20: POTONGAN | L20: POTONGAN
B21: PPH 21 | G21: ='[2]G-STAFF'!C8 -> K1 | H21: =+STAFF!Z9 -> 88400 | L21: PPH 21 | Q21: ='[2]G-STAFF'!C9 -> TK | R21: =+STAFF!Z10 -> 261526
B22: BPJS KES 1% | H22: =+STAFF!W9+STAFF!X9 -> 85000 | L22: BPJS KES 1% | R22: =+STAFF!X10+STAFF!W10 -> 99505.58
B23: BPJS TK 3% | H23: =+STAFF!U9+STAFF!V9 -> 0 | L23: BPJS TK 3% | R23: =+STAFF!U10+STAFF!V10 -> 283516.74
B24: BPJS DITANGGUNG PERUSAHAAN | H24: =+H14 -> 340000 | L24: BPJS DITANGGUNG PERUSAHAAN | R24: =+R14 -> 888506.28
B25: TOTAL POTONGAN | H25: =SUM(H21:H24) -> 513400 | L25: TOTAL POTONGAN | R25: =SUM(R21:R24) -> 1533054.6
B26: TOTAL GAJI DITERIMA | H26: =SUM(H18-H25) -> 8326600 | L26: TOTAL GAJI DITERIMA | R26: =SUM(R18-R25) -> 9306009.7
B27: DIBUAT | G27: DITERIMA | L27: DIBUAT | Q27: DITERIMA
B30: (__________________) | G30: (________________) | L30: (__________________) | Q30: (________________)
B37: SLIP GAJI | L37: SLIP GAJI
B38: No. Urut | C38: : | D38: ='[2]G-STAFF'!A10 -> 3 | L38: No. Urut | M38: : | N38: ='[2]G-STAFF'!A11 -> 4
B39: Periode | C39: : | D39: ='[2]G-STAFF'!A3 -> 01 JANUARI S/D 31 JANUARI 2025 | L39: Periode | M39: : | N39: ='[2]G-STAFF'!A3 -> 01 JANUARI S/D 31 JANUARI 2025
B40: Nama Karyawan | C40: : | D40: ='[2]G-STAFF'!B10 -> ERNI NURAENI | L40: Nama Karyawan | M40: : | N40: ='[2]G-STAFF'!B11 -> SRI WAHYUNI
B41: Bagian / Jabatan | C41: : | D41: ='[2]G-STAFF'!H10 -> PPIC/MARKETING | L41: Bagian / Jabatan | M41: : | N41: ='[2]G-STAFF'!H11 -> PERSONALIA
B43: PENERIMAAN | L43: PENERIMAAN
B44: GAJI POKOK | H44: =+STAFF!G11 -> 7845749 | L44: GAJI POKOK | R44: =+STAFF!G12 -> 10106032
B45: TUNJANGAN JABATAN | H45: =+STAFF!I11 -> 300000 | L45: TUNJANGAN JABATAN | R45: =+STAFF!I12 -> 700000
B46: TUNJANGAN BPJS | H46: =+STAFF!S11 -> 733024.33 | L46: TUNJANGAN BPJS | R46: =+STAFF!S12 -> 956744.34
B47: UANG MAKAN | D47: 0 | E47: H.K | F47: X | G47: 0 | L47: UANG MAKAN | N47: 0 | O47: H.K | P47: X | Q47: 0 | R47: =Q47*N47 -> 0
B48: HL/HM/HR | D48: ='[2]G-STAFF'!CH9 -> 0 | E48: JAM | F48: X | G48: ='[2]G-STAFF'!M10 -> 0 | H48: =G48*D48 -> 0 | L48: HL/HM/HR | N48: ='[2]G-STAFF'!CH10 -> 0 | O48: JAM | P48: X | Q48: ='[2]G-STAFF'!M11 -> 0 | R48: =Q48*N48 -> 0
B49: H.BIASA | D49: ='[2]G-STAFF'!CG9 -> 0 | E49: JAM | F49: X | G49: =G48 -> 0 | H49: =G49*D49 -> 0 | L49: H.BIASA | N49: ='[2]G-STAFF'!CG10 -> 0 | O49: JAM | P49: X | Q49: =Q48 -> 0 | R49: =Q49*N49 -> 0
B50: TOTAL GAJI | D50: =SUM(D47:D49) -> 0 | H50: =SUM(H44:H49) -> 8878773.3 | L50: TOTAL GAJI | N50: =SUM(N48:N49) -> 0 | R50: =SUM(R44:R49) -> 11762776
B52: POTONGAN | L52: POTONGAN
B53: PPH 21 | G53: ='[2]G-STAFF'!C10 -> TK | H53: =+STAFF!Z11 -> 149887 | L53: PPH 21 | Q53: ='[2]G-STAFF'!C11 -> TK | R53: =+STAFF!Z12 -> 397549
B54: BPJS KES 1% | H54: =+STAFF!W11+STAFF!X11 -> 162914.98 | L54: BPJS KES 1% | R54: =+STAFF!W12+STAFF!X12 -> 216120.64
B55: BPJS TK 3% | H55: =+STAFF!U11+STAFF!V11 -> 235372.47 | L55: BPJS TK 3% | R55: =+STAFF!U12+STAFF!V12 -> 207249.96
B56: BPJS DITANGGUNG PERUSAHAAN | H56: =+H46 -> 733024.33 | L56: BPJS DITANGGUNG PERUSAHAAN | R56: =+R46 -> 956744.34
B57: TOTAL POTONGAN | H57: =SUM(H53:H56) -> 1281198.8 | L57: TOTAL POTONGAN | R57: =SUM(R53:R56) -> 1777663.9
B58: TOTAL GAJI DITERIMA | H58: =SUM(H50-H57) -> 7597574.6 | L58: TOTAL GAJI DITERIMA | R58: =SUM(R50-R57) -> 9985112.4
B59: DIBUAT | G59: DITERIMA | L59: DIBUAT | Q59: DITERIMA
B62: (__________________) | G62: (________________) | L62: (__________________) | Q62: (________________)
B75: SLIP GAJI | L75: SLIP GAJI
B76: No. Urut | C76: : | D76: ='[2]G-STAFF'!A12 -> 5 | L76: No. Urut | M76: : | N76: ='[2]G-STAFF'!A13 -> 6
B77: Periode | C77: : | D77: ='[2]G-STAFF'!A3 -> 01 JANUARI S/D 31 JANUARI 2025 | L77: Periode | M77: : | N77: ='[2]G-STAFF'!A3 -> 01 JANUARI S/D 31 JANUARI 2025
B78: Nama Karyawan | C78: : | D78: ='[2]G-STAFF'!B12 -> TUTI NUR PRATIWI | L78: Nama Karyawan | M78: : | N78: ='[2]G-STAFF'!B13 -> UJANG SAILAN
B79: Bagian / Jabatan | C79: : | D79: ='[2]G-STAFF'!H12 -> FINANCE & ACC | L79: Bagian / Jabatan | M79: : | N79: ='[2]G-STAFF'!H13 -> PURCHASING
B81: PENERIMAAN | L81: PENERIMAAN
B82: GAJI POKOK | H82: =+STAFF!G13 -> 7970090 | L82: GAJI POKOK | R82: =+STAFF!G14 -> 8321247
B83: TUNJANGAN JABATAN | H83: =+STAFF!I13 -> 500000 | L83: TUNJANGAN JABATAN | R83: =+STAFF!I14 -> 300000
B84: TUNJANGAN BPJS | H84: =+STAFF!S13 -> 752451.27 | L84: TUNJANGAN BPJS | R84: =+STAFF!S14 -> 776722.6
B85: UANG MAKAN | D85: 0 | E85: H.K | F85: X | G85: 0 | H85: =G85*D85 -> 0 | L85: UANG MAKAN | N85: 0 | O85: H.K | P85: X | Q85: 0 | R85: =Q85*N85 -> 0
B86: HL/HM/HR | D86: 0 | E86: JAM | F86: X | G86: ='[2]G-STAFF'!M12 -> 0 | H86: =G86*D86 -> 0 | L86: HL/HM/HR | N86: 0 | O86: JAM | P86: X | Q86: ='[2]G-STAFF'!M13 -> 0 | R86: =Q86*N86 -> 0
B87: H.BIASA | D87: 0 | E87: JAM | F87: X | G87: =G86 -> 0 | H87: =G87*D87 -> 0 | L87: H.BIASA | N87: 0 | O87: JAM | P87: X | Q87: =Q86 -> 0 | R87: =Q87*N87 -> 0
B88: TOTAL GAJI | D88: =SUM(D85:D87) -> 0 | H88: =SUM(H82:H87) -> 9222541.3 | L88: TOTAL GAJI | N88: =SUM(N86:N87) -> 0 | R88: =SUM(R82:R87) -> 9397969.6
B90: POTONGAN | L90: POTONGAN
B91: PPH 21 | G91: ='[2]G-STAFF'!C12 -> K2 | H91: =+STAFF!Z13 -> 89037 | L91: PPH 21 | Q91: ='[2]G-STAFF'!C13 -> K1 | R91: =+STAFF!Z14 -> 90651
B92: BPJS KES 1% | H92: =+STAFF!W13+STAFF!X13 -> 257037.7 | L92: BPJS KES 1% | R92: =+STAFF!W14+STAFF!X14 -> 172424.94
B93: BPJS TK 3% | H93: =+STAFF!U13+STAFF!V13 -> 239102.7 | L93: BPJS TK 3% | R93: =+STAFF!U14+STAFF!V14 -> 249637.41
B94: BPJS DITANGGUNG PERUSAHAAN | H94: =+H84 -> 752451.27 | L94: BPJS DITANGGUNG PERUSAHAAN | R94: =+R84 -> 776722.6
B95: TOTAL POTONGAN | H95: =SUM(H91:H94) -> 1337628.7 | L95: TOTAL POTONGAN | R95: =SUM(R91:R94) -> 1289435.9
B96: TOTAL GAJI DITERIMA | H96: =SUM(H88-H95) -> 7884912.6 | L96: TOTAL GAJI DITERIMA | R96: =SUM(R88-R95) -> 8108533.7
B97: DIBUAT | G97: DITERIMA | L97: DIBUAT | Q97: DITERIMA
B100: (__________________) | G100: (________________) | L100: (__________________) | Q100: (________________)
B107: SLIP GAJI | L107: SLIP GAJI
B108: No. Urut | C108: : | D108: ='[2]G-STAFF'!A14 -> 7 | L108: No. Urut | M108: : | N108: ='[2]G-STAFF'!A15 -> 8
B109: Periode | C109: : | D109: ='[2]G-STAFF'!A3 -> 01 JANUARI S/D 31 JANUARI 2025 | L109: Periode | M109: : | N109: ='[2]G-STAFF'!A3 -> 01 JANUARI S/D 31 JANUARI 2025
B110: Nama Karyawan | C110: : | D110: ='[2]G-STAFF'!B14 -> INDRA WIJAYA | L110: Nama Karyawan | M110: : | N110: ='[2]G-STAFF'!B15 -> SANAN
B111: Bagian / Jabatan | C111: : | D111: ='[2]G-STAFF'!H14 -> LEADER SHIFT 1 | L111: Bagian / Jabatan | M111: : | N111: ='[2]G-STAFF'!H15 -> LEADER SHIFT 2
B113: PENERIMAAN | L113: PENERIMAAN
B114: GAJI POKOK | H114: =+STAFF!G15 -> 8700359 | L114: GAJI POKOK | R114: =+STAFF!G16 -> 8700359
B115: TUNJANGAN JABATAN | H115: =+STAFF!I15 -> 500000 | L115: TUNJANGAN JABATAN | R115: =+STAFF!I16 -> 500000
B116: TUNJANGAN BPJS | H116: =+STAFF!S15 -> 819562.99 | L116: TUNJANGAN BPJS | R116: =+STAFF!S16 -> 819562.99
B117: UANG MAKAN | D117: 0 | E117: H.K | F117: X | G117: 0 | H117: =G117*D117 -> 0 | L117: UANG MAKAN | N117: 0 | O117: H.K | P117: X | Q117: 0 | R117: =Q117*N117 -> 0
B118: HL/HM/HR | D118: ='[2]G-STAFF'!CH12 -> 0 | E118: JAM | F118: X | G118: ='[2]G-STAFF'!M14 -> 0 | H118: =G118*D118 -> 0 | L118: HL/HM/HR | N118: 0 | O118: JAM | P118: X | Q118: ='[2]G-STAFF'!M15 -> 0 | R118: =Q118*N118 -> 0
B119: H.BIASA | D119: ='[2]G-STAFF'!CG12 -> 0 | E119: JAM | F119: X | G119: =G118 -> 0 | H119: =G119*D119 -> 0 | L119: H.BIASA | N119: 0 | O119: JAM | P119: X | Q119: =Q118 -> 0 | R119: =Q119*N119 -> 0
B120: TOTAL GAJI | D120: ='[2]G-STAFF'!CI12 -> 0 | H120: =SUM(H114:H119) -> 10019922 | L120: TOTAL GAJI | N120: =SUM(N118:N119) -> 0 | R120: =SUM(R114:R119) -> 10019922
B122: POTONGAN | L122: POTONGAN
B123: PPH 21 | G123: ='[2]G-STAFF'!C14 -> K2 | H123: =+STAFF!Z15 -> 145079 | L123: PPH 21 | Q123: ='[2]G-STAFF'!C15 -> K1 | R123: =+STAFF!Z16 -> 145079
B124: BPJS KES 1% | H124: =+STAFF!W15+STAFF!X15 -> 92003.59 | L124: BPJS KES 1% | R124: =+STAFF!W16+STAFF!X16 -> 92003.59
B125: BPJS TK 3% | H125: =+STAFF!U15+STAFF!V15 -> 261010.77 | L125: BPJS TK 3% | R125: =+STAFF!U16+STAFF!V16 -> 261010.77
B126: BPJS DITANGGUNG PERUSAHAAN | H126: =+H116 -> 819562.99 | L126: BPJS DITANGGUNG PERUSAHAAN | R126: =+R116 -> 819562.99
B127: TOTAL POTONGAN | H127: =SUM(H123:H126) -> 1317656.4 | L127: TOTAL POTONGAN | R127: =SUM(R123:R126) -> 1317656.4
B128: TOTAL GAJI DITERIMA | H128: =SUM(H120-H127) -> 8702265.6 | L128: TOTAL GAJI DITERIMA | R128: =SUM(R120-R127) -> 8702265.6
B129: DIBUAT | G129: DITERIMA | L129: DIBUAT | Q129: DITERIMA
B132: (__________________) | G132: (________________) | L132: (__________________) | Q132: (________________)
B144: SLIP GAJI | L144: SLIP GAJI
B145: No. Urut | C145: : | D145: ='[2]G-STAFF'!A16 -> 9 | L145: No. Urut | M145: : | N145: ='[2]G-STAFF'!A17 -> 10
B146: Periode | C146: : | D146: ='[2]G-STAFF'!A3 -> 01 JANUARI S/D 31 JANUARI 2025 | L146: Periode | M146: : | N146: ='[2]G-STAFF'!A3 -> 01 JANUARI S/D 31 JANUARI 2025
B147: Nama Karyawan | C147: : | D147: ='[2]G-STAFF'!B16 -> ABDUROHMAT YUSUP | L147: Nama Karyawan | M147: : | N147: ='[2]G-STAFF'!B17 -> MUH. ARIF ROPIUDIN
B148: Bagian / Jabatan | C148: : | D148: ='[2]G-STAFF'!H16 -> LEADER DELIVERY 1 | L148: Bagian / Jabatan | M148: : | N148: ='[2]G-STAFF'!H17 -> CHECKER DELIVERY
B150: PENERIMAAN | L150: PENERIMAAN
B151: GAJI POKOK | H151: =+STAFF!G17 -> 6519752 | L151: GAJI POKOK | R151: =+STAFF!G18 -> 6009388
B152: TUNJANGAN JABATAN | H152: =+STAFF!I17 -> 300000 | L152: TUNJANGAN JABATAN | R152: =+STAFF!I18 -> 200000
B153: TUNJANGAN BPJS | H153: =+STAFF!S17 -> 611165.21 | L153: TUNJANGAN BPJS | R153: =+STAFF!S18 -> 560262.76
B154: UANG MAKAN | D154: 0 | E154: H.K | F154: X | G154: 0 | H154: =G154*D154 -> 0 | L154: UANG MAKAN | N154: 0 | O154: H.K | P154: X | Q154: 0 | R154: =Q154*N154 -> 0
B155: HL/HM/HR | D155: ='[2]G-STAFF'!CH14 -> 0 | E155: JAM | F155: X | G155: ='[2]G-STAFF'!M16 -> 0 | H155: =G155*D155 -> 0 | L155: HL/HM/HR | N155: 0 | O155: JAM | P155: X | Q155: ='[2]G-STAFF'!M17 -> 0 | R155: =Q155*N155 -> 0
B156: H.BIASA | D156: ='[2]G-STAFF'!CG14 -> 0 | E156: JAM | F156: X | G156: =G155 -> 0 | H156: =G156*D156 -> 0 | L156: H.BIASA | N156: 0 | O156: JAM | P156: X | Q156: =Q155 -> 0 | R156: =Q156*N156 -> 0
...

Sheet GENERAL
A1: PT INDOBOX UTAMA JAYA
A2: DAFTAR GAJI GENERAL
A3: PERIODE 01 NOVEMBER S/D 30 NOVEMBER 2025
B5: 1 | C5: 3 | D5: 4 | E5: 5 | F5: 6 | G5: 7 | H5: 8 | I5: 9 | J5: 10 | K5: 11 | L5: 12 | M5: 13 | N5: 14 | O5: 15 | P5: 16 | Q5: 17 | R5: 18 | S5: 19 | T5: 20 | U5: 21 | V5: 22 | W5: 23 | X5: 24 | Y5: 25 | Z5: 26 | AA5: 27 | AB5: 28
A6: NO | B6: NAMA | C6: JABATAN | D6: STS | E6: NIK | F6: GAJI POKOK | G6: JAM OT | H6: OT / JAM | I6: LEMBUR | J6: TUNJANGAN | O6: TOTAL GAJI | P6: BPJS DITANGGUNG PERUSAHAAN | T6: BPJS PER- USAHAAN | U6: GAJI BRUTO | V6: BPJS DITANGGUNG KARYAWAN | Z6: POTONGAN | AB6: Gaji Setelah PPh 21 | AE6: BPJS TK | AF6: JKN | AG6: GAJI BRUTO | AH6: BIAYA JABATAN | AI6: GAJI NETTO | AJ6: GAJI SETAHUN | AK6: PTKP | AL6: PKP | AM6: PPH 21 SETAHUN | AN6: PPH 21 SEBULAN
J7: UANG JABATAN | K7: PRESTASI | L7: BONUS | M7: UANG | N7: THR/ | P7: JKK JKM | Q7: JHT | R7: JP | S7: BPJS KES | V7: JHT | W7: JP | X7: BPJS KES | Y7: TAMBAHAN | Z7: BPJS | AA7: PPh 21
M8: MAKAN | N8: BONUS | P8: 0.0119 | Q8: 0.02 | R8: 0.02 | S8: 0.04 | V8: 0.02 | W8: 0.01 | X8: 0.01 | Y8: 0.01 | Z8: TK + KES | AB8: (THP) | AH8: 0.05 | AJ8: 12
A10: 1 | B10: DEDE IRAWAN | C10: SECURITY | D10: K1 | E10: 3201021703840004 | F10: 4877211 | G10: 0 | H10: =+F10/173 -> 28191.971 | I10: =+G10*H10 -> 0 | J10: 0 | K10: 0 | M10: 180000 | O10: =+F10+I10+J10+K10+M10+N10 -> 5057211 | P10: =+AE10*$P$8 -> 58038.811 | Q10: =+AE10*$Q$8 -> 97544.22 | R10: =+AE10*$R$8 -> 97544.22 | S10: =+AF10*$S$8 -> 195088.44 | T10: =SUM(P10:S10) -> 448215.69 | U10: =+O10+T10 -> 5505426.7 | V10: =+AE10*$V$8 -> 97544.22 | W10: =+AE10*$W$8 -> 48772.11 | X10: =+AF10*$X$8 -> 48772.11 | Y10: 0 | Z10: =SUM(V10:Y10) -> 195088.44 | AA10: 0 | AB10: =+O10-Z10-AA10 -> 4862122.6 | AE10: =+F10 -> 4877211 | AF10: 4877211 | AG10: =+O10+P10+S10 -> 5310338.3 | AH10: =IF(AG10*0.05>500000,500000,AG10*0.05) -> 265516.91 | AI10: =+AG10-AH10-V10-W10 -> 4898505 | AJ10: =+AI10*$AJ$8 -> 58782060 | AK10: =IF(D10="TK",54000000,(IF(OR(D10="TK1",D10="K"),58500000,(IF(OR(D10="TK2",D10="K1"),63000000,(IF(OR(OR(D10="TK3",D10="TK4"),D10="K2"),67500000,72000000))))))) -> 63000000 | AL10: =IF((+AJ10-AK10)<=0,0,TRUNC((AJ10-AK10)/1000)*1000) -> 0 | AM10: =IF(AL10<=60000000,AL10*5%,IF(AL10<=250000000,3000000+((AL10-60000000)*15%),IF(AL10<=500000000,31500000+((AL10-250000000)*25%),IF(AND(AL10>=500000000,AL10<=5000000000),94000000+((AL10-500000000)*30%),IF(AL10>5000000000,(1444000000+(AL10-5000000000)*35%)))))) -> 0 | AN10: =+AM10/12 -> 0
A11: 2 | B11: DONI IMAM SAPUTRO | C11: SECURITY | D11: TK | E11: 3201020202800004 | F11: 4594855 | G11: 0 | H11: =+F11/173 -> 26559.855 | I11: =+G11*H11 -> 0 | J11: 0 | K11: 0 | M11: 180000 | O11: =+F11+I11+J11+K11+M11+N11 -> 4774855 | P11: =+AE11*$P$8 -> 58038.811 | Q11: =+AE11*$Q$8 -> 97544.22 | R11: =+AE11*$R$8 -> 97544.22 | S11: =+AF11*$S$8 -> 195088.44 | T11: =SUM(P11:S11) -> 448215.69 | U11: =+O11+T11 -> 5223070.7 | V11: =+AE11*$V$8 -> 97544.22 | W11: =+AE11*$W$8 -> 48772.11 | X11: =+AF11*$X$8 -> 48772.11 | Y11: 0 | Z11: =SUM(V11:Y11) -> 195088.44 | AA11: 0 | AB11: =+O11-Z11-AA11 -> 4579766.6 | AE11: 4877211 | AF11: 4877211 | AG11: =+O11+P11+S11 -> 5027982.3 | AH11: =IF(AG11*0.05>500000,500000,AG11*0.05) -> 251399.11 | AI11: =+AG11-AH11-V11-W11 -> 4630266.8 | AJ11: =+AI11*$AJ$8 -> 55563202 | AK11: =IF(D11="TK",54000000,(IF(OR(D11="TK1",D11="K"),58500000,(IF(OR(D11="TK2",D11="K1"),63000000,(IF(OR(OR(D11="TK3",D11="TK4"),D11="K2"),67500000,72000000))))))) -> 54000000 | AL11: =IF((+AJ11-AK11)<=0,0,TRUNC((AJ11-AK11)/1000)*1000) -> 1563000 | AM11: =IF(AL11<=60000000,AL11*5%,IF(AL11<=250000000,3000000+((AL11-60000000)*15%),IF(AL11<=500000000,31500000+((AL11-250000000)*25%),IF(AND(AL11>=500000000,AL11<=5000000000),94000000+((AL11-500000000)*30%),IF(AL11>5000000000,(1444000000+(AL11-5000000000)*35%)))))) -> 78150 | AN11: =+AM11/12 -> 6512.5
A12: 3 | B12: ANDIKA WIJAYA | C12: SECURITY | D12: K1 | E12: 3201020107710001 | F12: 4594855 | G12: 0 | H12: =+F12/173 -> 26559.855 | I12: =+G12*H12 -> 0 | J12: 0 | K12: 0 | M12: 180000 | O12: =+F12+I12+J12+K12+M12+N12 -> 4774855 | P12: =+AE12*$P$8 -> 58038.811 | Q12: =+AE12*$Q$8 -> 97544.22 | R12: =+AE12*$R$8 -> 97544.22 | S12: =+AF12*$S$8 -> 195088.44 | T12: =SUM(P12:S12) -> 448215.69 | U12: =+O12+T12 -> 5223070.7 | V12: =+AE12*$V$8 -> 97544.22 | W12: =+AE12*$W$8 -> 48772.11 | X12: =+AF12*$X$8 -> 48772.11 | Y12: 0 | Z12: =SUM(V12:Y12) -> 195088.44 | AA12: 0 | AB12: =+O12-Z12-AA12 -> 4579766.6 | AE12: 4877211 | AF12: 4877211 | AG12: =+O12+P12+S12 -> 5027982.3 | AH12: =IF(AG12*0.05>500000,500000,AG12*0.05) -> 251399.11 | AI12: =+AG12-AH12-V12-W12 -> 4630266.8 | AJ12: =+AI12*$AJ$8 -> 55563202 | AK12: =IF(D12="TK",54000000,(IF(OR(D12="TK1",D12="K"),58500000,(IF(OR(D12="TK2",D12="K1"),63000000,(IF(OR(OR(D12="TK3",D12="TK4"),D12="K2"),67500000,72000000))))))) -> 63000000 | AL12: =IF((+AJ12-AK12)<=0,0,TRUNC((AJ12-AK12)/1000)*1000) -> 0 | AM12: =IF(AL12<=60000000,AL12*5%,IF(AL12<=250000000,3000000+((AL12-60000000)*15%),IF(AL12<=500000000,31500000+((AL12-250000000)*25%),IF(AND(AL12>=500000000,AL12<=5000000000),94000000+((AL12-500000000)*30%),IF(AL12>5000000000,(1444000000+(AL12-5000000000)*35%)))))) -> 0 | AN12: =+AM12/12 -> 0
A13: 4 | B13: SAMANHUDI | C13: SECURITY | D13: K | E13: 3201022401830001 | F13: 4594855 | G13: 0 | H13: =+F13/173 -> 26559.855 | I13: =+G13*H13 -> 0 | J13: 0 | K13: 0 | M13: 180000 | O13: =+F13+I13+J13+K13+M13+N13 -> 4774855 | P13: =+AE13*$P$8 -> 58038.811 | Q13: =+AE13*$Q$8 -> 97544.22 | R13: =+AE13*$R$8 -> 97544.22 | S13: =+AF13*$S$8 -> 195088.44 | T13: =SUM(P13:S13) -> 448215.69 | U13: =+O13+T13 -> 5223070.7 | V13: =+AE13*$V$8 -> 97544.22 | W13: =+AE13*$W$8 -> 48772.11 | X13: =+AF13*$X$8 -> 48772.11 | Y13: 0 | Z13: =SUM(V13:Y13) -> 195088.44 | AA13: 0 | AB13: =+O13-Z13-AA13 -> 4579766.6 | AE13: 4877211 | AF13: 4877211 | AG13: =+O13+P13+S13 -> 5027982.3 | AH13: =IF(AG13*0.05>500000,500000,AG13*0.05) -> 251399.11 | AI13: =+AG13-AH13-V13-W13 -> 4630266.8 | AJ13: =+AI13*$AJ$8 -> 55563202 | AK13: =IF(D13="TK",54000000,(IF(OR(D13="TK1",D13="K"),58500000,(IF(OR(D13="TK2",D13="K1"),63000000,(IF(OR(OR(D13="TK3",D13="TK4"),D13="K2"),67500000,72000000))))))) -> 58500000 | AL13: =IF((+AJ13-AK13)<=0,0,TRUNC((AJ13-AK13)/1000)*1000) -> 0 | AM13: =IF(AL13<=60000000,AL13*5%,IF(AL13<=250000000,3000000+((AL13-60000000)*15%),IF(AL13<=500000000,31500000+((AL13-250000000)*25%),IF(AND(AL13>=500000000,AL13<=5000000000),94000000+((AL13-500000000)*30%),IF(AL13>5000000000,(1444000000+(AL13-5000000000)*35%)))))) -> 0 | AN13: =+AM13/12 -> 0
A14: 5 | B14: MAIZENDY SAPTA PUTRA | C14: MEKANIK | D14: K2 | F14: 4877211 | G14: 0 | H14: =+F14/173 -> 28191.971 | I14: =+G14*H14 -> 0 | J14: 300000 | K14: 0 | M14: 150000 | O14: =+F14+I14+J14+K14+M14+N14 -> 5327211 | P14: =+AE14*$P$8 -> 58038.811 | Q14: =+AE14*$Q$8 -> 97544.22 | R14: =+AE14*$R$8 -> 97544.22 | S14: =+AF14*$S$8 -> 195088.44 | T14: =SUM(P14:S14) -> 448215.69 | U14: =+O14+T14 -> 5775426.7 | V14: =+AE14*$V$8 -> 97544.22 | W14: =+AE14*$W$8 -> 48772.11 | X14: =+AF14*$X$8 -> 48772.11 | Y14: 0 | Z14: =SUM(V14:Y14) -> 195088.44 | AA14: 0 | AB14: =+O14-Z14-AA14 -> 5132122.6 | AE14: =+F14 -> 4877211 | AF14: =+F14 -> 4877211 | AG14: =+O14+P14+S14 -> 5580338.3 | AH14: =IF(AG14*0.05>500000,500000,AG14*0.05) -> 279016.91 | AI14: =+AG14-AH14-V14-W14 -> 5155005 | AJ14: =+AI14*$AJ$8 -> 61860060 | AK14: =IF(D14="TK",54000000,(IF(OR(D14="TK1",D14="K"),58500000,(IF(OR(D14="TK2",D14="K1"),63000000,(IF(OR(OR(D14="TK3",D14="TK4"),D14="K2"),67500000,72000000))))))) -> 67500000 | AL14: =IF((+AJ14-AK14)<=0,0,TRUNC((AJ14-AK14)/1000)*1000) -> 0 | AM14: =IF(AL14<=60000000,AL14*5%,IF(AL14<=250000000,3000000+((AL14-60000000)*15%),IF(AL14<=500000000,31500000+((AL14-250000000)*25%),IF(AND(AL14>=500000000,AL14<=5000000000),94000000+((AL14-500000000)*30%),IF(AL14>5000000000,(1444000000+(AL14-5000000000)*35%)))))) -> 0 | AN14: =+AM14/12 -> 0
A15: 6 | B15: SUTRIS | C15: DRIVER | D15: K1 | E15: 3324030803700004 | F15: 4877211 | G15: 42 | H15: =+F15/173 -> 28191.971 | I15: =+G15*H15 -> 1184062.8 | J15: 100000 | K15: 0 | M15: 114000 | O15: =+F15+I15+J15+K15+M15+N15 -> 6275273.8 | P15: =+AE15*$P$8 -> 58038.811 | Q15: =+AE15*$Q$8 -> 97544.22 | R15: =+AE15*$R$8 -> 97544.22 | S15: =+AF15*$S$8 -> 195088.44 | T15: =SUM(P15:S15) -> 448215.69 | U15: =+O15+T15 -> 6723489.5 | V15: =+AE15*$V$8 -> 97544.22 | W15: =+AE15*$W$8 -> 48772.11 | X15: =+AF15*$X$8 -> 48772.11 | Y15: 0 | Z15: =SUM(V15:Y15) -> 195088.44 | AA15: 32642 | AB15: =+O15-Z15-AA15 -> 6047543.3 | AE15: 4877211 | AF15: 4877211 | AG15: =+O15+P15+S15 -> 6528401 | AH15: =IF(AG15*0.05>500000,500000,AG15*0.05) -> 326420.05 | AI15: =+AG15-AH15-V15-W15 -> 6055664.7 | AJ15: =+AI15*$AJ$8 -> 72667976 | AK15: =IF(D15="TK",54000000,(IF(OR(D15="TK1",D15="K"),58500000,(IF(OR(D15="TK2",D15="K1"),63000000,(IF(OR(OR(D15="TK3",D15="TK4"),D15="K2"),67500000,72000000))))))) -> 63000000 | AL15: =IF((+AJ15-AK15)<=0,0,TRUNC((AJ15-AK15)/1000)*1000) -> 9667000 | AM15: =IF(AL15<=60000000,AL15*5%,IF(AL15<=250000000,3000000+((AL15-60000000)*15%),IF(AL15<=500000000,31500000+((AL15-250000000)*25%),IF(AND(AL15>=500000000,AL15<=5000000000),94000000+((AL15-500000000)*30%),IF(AL15>5000000000,(1444000000+(AL15-5000000000)*35%)))))) -> 483350 | AN15: =+AM15/12 -> 40279.167
A16: 7 | B16: SUCIPTO | C16: DRIVER | D16: K | E16: 3201020607720008 | F16: 4877211 | G16: 29 | H16: =+F16/173 -> 28191.971 | I16: =+G16*H16 -> 817567.16 | J16: 0 | K16: 0 | M16: 120000 | O16: =+F16+I16+J16+K16+M16+N16 -> 5814778.2 | P16: =+AE16*$P$8 -> 58038.811 | Q16: =+AE16*$Q$8 -> 97544.22 | R16: =+AE16*$R$8 -> 97544.22 | S16: =+AF16*$S$8 -> 195088.44 | T16: =SUM(P16:S16) -> 448215.69 | U16: =+O16+T16 -> 6262993.9 | V16: =+AE16*$V$8 -> 97544.22 | W16: =+AE16*$W$8 -> 48772.11 | X16: =+AF16*$X$8 -> 48772.11 | Y16: 0 | Z16: =SUM(V16:Y16) -> 195088.44 | AA16: 45509 | AB16: =+O16-Z16-AA16 -> 5574180.7 | AE16: 4877211 | AF16: 4877211 | AG16: =+O16+P16+S16 -> 6067905.4 | AH16: =IF(AG16*0.05>500000,500000,AG16*0.05) -> 303395.27 | AI16: =+AG16-AH16-V16-W16 -> 5618193.8 | AJ16: =+AI16*$AJ$8 -> 67418326 | AK16: =IF(D16="TK",54000000,(IF(OR(D16="TK1",D16="K"),58500000,(IF(OR(D16="TK2",D16="K1"),63000000,(IF(OR(OR(D16="TK3",D16="TK4"),D16="K2"),67500000,72000000))))))) -> 58500000 | AL16: =IF((+AJ16-AK16)<=0,0,TRUNC((AJ16-AK16)/1000)*1000) -> 8918000 | AM16: =IF(AL16<=60000000,AL16*5%,IF(AL16<=250000000,3000000+((AL16-60000000)*15%),IF(AL16<=500000000,31500000+((AL16-250000000)*25%),IF(AND(AL16>=500000000,AL16<=5000000000),94000000+((AL16-500000000)*30%),IF(AL16>5000000000,(1444000000+(AL16-5000000000)*35%)))))) -> 445900 | AN16: =+AM16/12 -> 37158.333
A17: 8 | B17: UDI | C17: DRIVER | D17: K1 | E17: 3174073005740007 | F17: 4594855 | G17: 140.5 | H17: =+F17/173 -> 26559.855 | I17: =+G17*H17 -> 3731659.7 | J17: 0 | K17: 0 | M17: 90000 | O17: =+F17+I17+J17+K17+M17+N17 -> 8416514.7 | P17: =+AE17*$P$8 -> 58038.811 | Q17: =+AE17*$Q$8 -> 97544.22 | R17: =+AE17*$R$8 -> 97544.22 | S17: =+AF17*$S$8 -> 195088.44 | T17: =SUM(P17:S17) -> 448215.69 | U17: =+O17+T17 -> 8864730.4 | V17: =+AE17*$V$8 -> 97544.22 | W17: =+AE17*$W$8 -> 48772.11 | X17: =+AF17*$X$8 -> 48772.11 | Y17: 0 | Z17: =SUM(V17:Y17) -> 195088.44 | AA17: 86696 | AB17: =+O17-Z17-AA17 -> 8134730.3 | AE17: 4877211 | AF17: 4877211 | AG17: =+O17+P17+S17 -> 8669641.9 | AH17: =IF(AG17*0.05>500000,500000,AG17*0.05) -> 433482.1 | AI17: =+AG17-AH17-V17-W17 -> 8089843.5 | AJ17: =+AI17*$AJ$8 -> 97078122 | AK17: =IF(D17="TK",54000000,(IF(OR(D17="TK1",D17="K"),58500000,(IF(OR(D17="TK2",D17="K1"),63000000,(IF(OR(OR(D17="TK3",D17="TK4"),D17="K2"),67500000,72000000))))))) -> 63000000 | AL17: =IF((+AJ17-AK17)<=0,0,TRUNC((AJ17-AK17)/1000)*1000) -> 34078000 | AM17: =IF(AL17<=60000000,AL17*5%,IF(AL17<=250000000,3000000+((AL17-60000000)*15%),IF(AL17<=500000000,31500000+((AL17-250000000)*25%),IF(AND(AL17>=500000000,AL17<=5000000000),94000000+((AL17-500000000)*30%),IF(AL17>5000000000,(1444000000+(AL17-5000000000)*35%)))))) -> 1703900 | AN17: =+AM17/12 -> 141991.67
A18: 9 | B18: ANDI | C18: DRIVER | D18: K1 | E18: 3201022704740002 | F18: 4594855 | G18: 37 | H18: =+F18/173 -> 26559.855 | I18: =+G18*H18 -> 982714.65 | J18: 0 | K18: 0 | M18: 114000 | O18: =+F18+I18+J18+K18+M18+N18 -> 5691569.7 | P18: =+AE18*$P$8 -> 58038.811 | Q18: =+AE18*$Q$8 -> 97544.22 | R18: =+AE18*$R$8 -> 97544.22 | S18: =+AF18*$S$8 -> 195088.44 | T18: =SUM(P18:S18) -> 448215.69 | U18: =+O18+T18 -> 6139785.3 | V18: =+AE18*$V$8 -> 97544.22 | W18: =+AE18*$W$8 -> 48772.11 | X18: =+AF18*$X$8 -> 48772.11 | Y18: 0 | Z18: =SUM(V18:Y18) -> 195088.44 | AA18: 0 | AB18: =+O18-Z18-AA18 -> 5496481.2 | AE18: 4877211 | AF18: 4877211 | AG18: =+O18+P18+S18 -> 5944696.9 | AH18: =IF(AG18*0.05>500000,500000,AG18*0.05) -> 297234.85 | AI18: =+AG18-AH18-V18-W18 -> 5501145.7 | AJ18: =+AI18*$AJ$8 -> 66013749 | AK18: =IF(D18="TK",54000000,(IF(OR(D18="TK1",D18="K"),58500000,(IF(OR(D18="TK2",D18="K1"),63000000,(IF(OR(OR(D18="TK3",D18="TK4"),D18="K2"),67500000,72000000))))))) -> 63000000 | AL18: =IF((+AJ18-AK18)<=0,0,TRUNC((AJ18-AK18)/1000)*1000) -> 3013000 | AM18: =IF(AL18<=60000000,AL18*5%,IF(AL18<=250000000,3000000+((AL18-60000000)*15%),IF(AL18<=500000000,31500000+((AL18-250000000)*25%),IF(AND(AL18>=500000000,AL18<=5000000000),94000000+((AL18-500000000)*30%),IF(AL18>5000000000,(1444000000+(AL18-5000000000)*35%)))))) -> 150650 | AN18: =+AM18/12 -> 12554.167
A19: 10 | B19: SAIPUL ANWAR | C19: DRIVER | D19: K1 | E19: 3201020305850006 | F19: 4494855 | G19: 54.5 | H19: =+F19/173 -> 25981.821 | I19: =+G19*H19 -> 1416009.2 | J19: 0 | K19: 0 | M19: 114000 | O19: =+F19+I19+J19+K19+M19+N19 -> 6024864.2 | P19: =+AE19*$P$8 -> 58038.811 | Q19: =+AE19*$Q$8 -> 97544.22 | R19: =+AE19*$R$8 -> 97544.22 | S19: =+AF19*$S$8 -> 195088.44 | T19: =SUM(P19:S19) -> 448215.69 | U19: =+O19+T19 -> 6473079.9 | V19: =+AE19*$V$8 -> 97544.22 | W19: =+AE19*$W$8 -> 48772.11 | X19: =+AF19*$X$8 -> 48772.11 | Y19: 0 | Z19: =SUM(V19:Y19) -> 195088.44 | AA19: 33988 | AB19: =+O19-Z19-AA19 -> 5795787.8 | AE19: 4877211 | AF19: 4877211 | AG19: =+O19+P19+S19 -> 6277991.5 | AH19: =IF(AG19*0.05>500000,500000,AG19*0.05) -> 313899.57 | AI19: =+AG19-AH19-V19-W19 -> 5817775.6 | AJ19: =+AI19*$AJ$8 -> 69813307 | AK19: =IF(D19="TK",54000000,(IF(OR(D19="TK1",D19="K"),58500000,(IF(OR(D19="TK2",D19="K1"),63000000,(IF(OR(OR(D19="TK3",D19="TK4"),D19="K2"),67500000,72000000))))))) -> 63000000 | AL19: =IF((+AJ19-AK19)<=0,0,TRUNC((AJ19-AK19)/1000)*1000) -> 6813000 | AM19: =IF(AL19<=60000000,AL19*5%,IF(AL19<=250000000,3000000+((AL19-60000000)*15%),IF(AL19<=500000000,31500000+((AL19-250000000)*25%),IF(AND(AL19>=500000000,AL19<=5000000000),94000000+((AL19-500000000)*30%),IF(AL19>5000000000,(1444000000+(AL19-5000000000)*35%)))))) -> 340650 | AN19: =+AM19/12 -> 28387.5
A20: 11 | B20: ZULKARNAEN | C20: DRIVER | D20: K2 | E20: 3201322411930002 | F20: 4494855 | G20: 44.5 | H20: =+F20/173 -> 25981.821 | I20: =+G20*H20 -> 1156191 | J20: 0 | K20: 0 | M20: 102000 | O20: =+F20+I20+J20+K20+M20+N20 -> 5753046 | P20: =+AE20*$P$8 -> 58038.811 | Q20: =+AE20*$Q$8 -> 97544.22 | R20: =+AE20*$R$8 -> 97544.22 | S20: =+AF20*$S$8 -> 195088.44 | T20: =SUM(P20:S20) -> 448215.69 | U20: =+O20+T20 -> 6201261.7 | V20: =+AE20*$V$8 -> 97544.22 | W20: =+AE20*$W$8 -> 48772.11 | X20: =+AF20*$X$8 -> 48772.11 | Y20: 0 | Z20: =SUM(V20:Y20) -> 195088.44 | AA20: 0 | AB20: =+O20-Z20-AA20 -> 5557957.6 | AE20: 4877211 | AF20: 4877211 | AG20: =+O20+P20+S20 -> 6006173.3 | AH20: =IF(AG20*0.05>500000,500000,AG20*0.05) -> 300308.66 | AI20: =+AG20-AH20-V20-W20 -> 5559548.3 | AJ20: =+AI20*$AJ$8 -> 66714579 | AK20: =IF(D20="TK",54000000,(IF(OR(D20="TK1",D20="K"),58500000,(IF(OR(D20="TK2",D20="K1"),63000000,(IF(OR(OR(D20="TK3",D20="TK4"),D20="K2"),67500000,72000000))))))) -> 67500000 | AL20: =IF((+AJ20-AK20)<=0,0,TRUNC((AJ20-AK20)/1000)*1000) -> 0 | AM20: =IF(AL20<=60000000,AL20*5%,IF(AL20<=250000000,3000000+((AL20-60000000)*15%),IF(AL20<=500000000,31500000+((AL20-250000000)*25%),IF(AND(AL20>=500000000,AL20<=5000000000),94000000+((AL20-500000000)*30%),IF(AL20>5000000000,(1444000000+(AL20-5000000000)*35%)))))) -> 0 | AN20: =+AM20/12 -> 0
A21: 12 | B21: NOVA SUGANDI | C21: DRIVER | D21: K | E21: 3201020508760012 | F21: 4494855 | G21: 44.5 | H21: =+F21/173 -> 25981.821 | I21: =+G21*H21 -> 1156191 | J21: 0 | K21: 0 | M21: 108000 | O21: =+F21+I21+J21+K21+M21+N21 -> 5759046 | P21: =+AE21*$P$8 -> 58038.811 | Q21: =+AE21*$Q$8 -> 97544.22 | R21: =+AE21*$R$8 -> 97544.22 | S21: =+AF21*$S$8 -> 195088.44 | T21: =SUM(P21:S21) -> 448215.69 | U21: =+O21+T21 -> 6207261.7 | V21: =+AE21*$V$8 -> 97544.22 | W21: =+AE21*$W$8 -> 48772.11 | X21: =+AF21*$X$8 -> 48772.11 | Y21: 0 | Z21: =SUM(V21:Y21) -> 195088.44 | AA21: 45091 | AB21: =+O21-Z21-AA21 -> 5518866.6 | AE21: 4877211 | AF21: 4877211 | AG21: =+O21+P21+S21 -> 6012173.3 | AH21: =IF(AG21*0.05>500000,500000,AG21*0.05) -> 300608.66 | AI21: =+AG21-AH21-V21-W21 -> 5565248.3 | AJ21: =+AI21*$AJ$8 -> 66782979 | AK21: =IF(D21="TK",54000000,(IF(OR(D21="TK1",D21="K"),58500000,(IF(OR(D21="TK2",D21="K1"),63000000,(IF(OR(OR(D21="TK3",D21="TK4"),D21="K2"),67500000,72000000))))))) -> 58500000 | AL21: =IF((+AJ21-AK21)<=0,0,TRUNC((AJ21-AK21)/1000)*1000) -> 8282000 | AM21: =IF(AL21<=60000000,AL21*5%,IF(AL21<=250000000,3000000+((AL21-60000000)*15%),IF(AL21<=500000000,31500000+((AL21-250000000)*25%),IF(AND(AL21>=500000000,AL21<=5000000000),94000000+((AL21-500000000)*30%),IF(AL21>5000000000,(1444000000+(AL21-5000000000)*35%)))))) -> 414100 | AN21: =+AM21/12 -> 34508.333
A22: 13 | B22: JAMALUDIN | C22: DRIVER | D22: K2 | F22: 4494855 | G22: 91.5 | H22: =+F22/173 -> 25981.821 | I22: =+G22*H22 -> 2377336.6 | J22: 0 | K22: 0 | M22: 132000 | O22: =+F22+I22+J22+K22+M22+N22 -> 7004191.6 | P22: =+AE22*$P$8 -> 58038.811 | Q22: =+AE22*$Q$8 -> 97544.22 | R22: =+AE22*$R$8 -> 97544.22 | S22: =+AF22*$S$8 -> 195088.44 | T22: =SUM(P22:S22) -> 448215.69 | U22: =+O22+T22 -> 7452407.3 | V22: =+AE22*$V$8 -> 97544.22 | W22: =+AE22*$W$8 -> 48772.11 | X22: =+AF22*$X$8 -> 48772.11 | Y22: 0 | Z22: =SUM(V22:Y22) -> 195088.44 | AA22: 36287 | AB22: =+O22-Z22-AA22 -> 6772816.2 | AE22: 4877211 | AF22: 4877211 | AG22: =+O22+P22+S22 -> 7257318.9
A24: SUB TOTAL | F24: =SUM(F10:F23) -> 60462539 | G24: =SUM(G14:G23) -> 483.5 | I24: =SUM(I10:I23) -> 12821732 | J24: =SUM(J10:J23) -> 400000 | K24: =SUM(K10:K23) -> 0 | L24: =SUM(L9:L23) -> 0 | M24: =SUM(M10:M23) -> 1764000 | N24: =SUM(N10:N23) -> 0 | O24: =SUM(O10:O23) -> 75448271 | P24: =SUM(P10:P23) -> 754504.54 | Q24: =SUM(Q10:Q23) -> 1268074.9 | R24: =SUM(R10:R23) -> 1268074.9 | S24: =SUM(S10:S23) -> 2536149.7 | T24: =SUM(T10:T23) -> 5826804 | ... AB24: =SUM(AB10:AB23) -> 72631908 | AG24: =SUM(AG10:AG23) -> 78738925 | AI24: =SUM(AI10:AI23) -> 66151730
P25: =+P24+Q24+R24+V24+W24 -> 5192766.6 | S25: =+S24+X24+Y24 -> 3170187.1 | AB25: =+AB24 -> 72631908 | AI25: =SUM([3]GENERAL!$AA$27:$AA$40) -> 66596371
AE27: =+AE18-T13 -> 4428995.3
Q30: =40+175+2606 -> 2821

Sheet SLIP-GENERAL
B4: SLIP GAJI | L4: SLIP GAJI
B5: No. Urut | C5: : | D5: ='[2]G-STAFF'!A35 -> 1 | L5: No. Urut | M5: : | N5: ='[2]G-STAFF'!A36 -> 2
B6: Periode | C6: : | D6: ='[2]G-STAFF'!A3 -> 01 JANUARI S/D 31 JANUARI 2025 | L6: Periode | M6: : | N6: ='[2]G-STAFF'!A3 -> 01 JANUARI S/D 31 JANUARI 2025
B7: Nama Karyawan | C7: : | D7: ='[2]G-STAFF'!B35 -> DEDE IRAWAN | L7: Nama Karyawan | M7: : | N7: ='[2]G-STAFF'!B36 -> DONI IMAM SAPUTRO
B8: Bagian / Jabatan | C8: : | D8: ='[2]G-STAFF'!H35 -> SECURITY | L8: Bagian / Jabatan | M8: : | N8: ='[2]G-STAFF'!H36 -> SECURITY
B10: PENERIMAAN | L10: PENERIMAAN
B11: GAJI POKOK | H11: =+GENERAL!F10 -> 4877211 | L11: GAJI POKOK | R11: =+GENERAL!F11 -> 4594855
B12: TUNJANGAN JABATAN | H12: =+GENERAL!J10 -> 0 | L12: TUNJANGAN JABATAN | R12: =+GENERAL!J11 -> 0
B13: TUNJANGAN BPJS | H13: =+GENERAL!T10 -> 448215.69 | L13: TUNJANGAN BPJS | R13: =+GENERAL!T11 -> 448215.69
B14: UANG MAKAN | H14: =+GENERAL!M10 -> 180000 | L14: UANG MAKAN | R14: =+GENERAL!M11 -> 180000
B15: LEMBUR WAJIB | D15: ='[2]G-STAFF'!V35 -> 0 | E15: HARI | F15: X | G15: ='[2]G-STAFF'!U35 -> 160464.57 | H15: =G15*D15 -> 0 | L15: LEMBUR WAJIB | N15: ='[2]G-STAFF'!V36 -> 0 | O15: HARI | P15: X | Q15: ='[2]G-STAFF'!U36 -> 117810.33 | R15: =Q15*N15 -> 0
B16: HL/HM/HR | D16: ='[2]G-STAFF'!CH35 -> 0 | E16: JAM | F16: X | G16: ='[2]G-STAFF'!M35 -> 27826.225 | H16: =G16*D16 -> 0 | L16: HL/HM/HR | N16: ='[2]G-STAFF'!CH36 -> 0 | O16: JAM | P16: X | Q16: ='[2]G-STAFF'!M36 -> 20429.538 | R16: =Q16*N16 -> 0
B17: H.BIASA | D17: ='[2]G-STAFF'!CG35 -> 0 | E17: JAM | F17: X | G17: =G16 -> 27826.225 | H17: =G17*D17 -> 0 | L17: H.BIASA | N17: ='[2]G-STAFF'!CG36 -> 0 | O17: JAM | P17: X | Q17: =Q16 -> 20429.538 | R17: =Q17*N17 -> 0
B18: TOTAL | D18: ='[2]G-STAFF'!CI35 -> 0 | H18: =SUM(H11:H17) -> 5505426.7 | L18: TOTAL | N18: ='[2]G-STAFF'!CI36 -> 0 | R18: =SUM(R11:R17) -> 5223070.7
B20: POTONGAN | L20: POTONGAN
B21: PPH 21 | G21: ='[2]G-STAFF'!C35 -> K1 | H21: =+GENERAL!AA10 -> 0 | L21: PPH 21 | Q21: ='[2]G-STAFF'!C36 -> TK | R21: =+GENERAL!AA10 -> 0
B22: BPJS KES 1% | H22: =+GENERAL!X10+GENERAL!Y10 -> 48772.11 | L22: BPJS KES 1% | R22: =+GENERAL!X10+GENERAL!Y10 -> 48772.11
B23: BPJS TK 3% | H23: =+GENERAL!V10+GENERAL!W10 -> 146316.33 | L23: BPJS TK 3% | R23: =+GENERAL!V10+GENERAL!W10 -> 146316.33
B24: BPJS DITANGGUNG PERUSAHAAN | H24: =+H13 -> 448215.69 | L24: BPJS DITANGGUNG PERUSAHAAN | R24: =+R13 -> 448215.69
B25: TOTAL POTONGAN | H25: =SUM(H21:H24) -> 643304.13 | L25: TOTAL POTONGAN | R25: =SUM(R21:R24) -> 643304.13
B26: TOTAL GAJI | H26: =H18-H25 -> 4862122.6 | L26: TOTAL GAJI | R26: =SUM(R18-R25) -> 4579766.6
B27: KAS NON SHIFT | H27: ='[2]Urutan Nm'!H68 -> 10000 | L27: KAS NON SHIFT | R27: ='[2]Urutan Nm'!H69 -> 10000
B29: TOTAL GAJI DITERIMA | H29: =SUM(H26-H27) -> 4852122.6 | L29: TOTAL GAJI DITERIMA | R29: =SUM(R26-R27) -> 4569766.6
B30: DIBUAT | G30: DITERIMA | L30: DIBUAT | Q30: DITERIMA
B33: (__________________) | G33: (________________) | L33: (__________________) | Q33: (________________)
B39: SLIP GAJI | L39: SLIP GAJI
B40: No. Urut | C40: : | D40: ='[2]G-STAFF'!A37 -> 3 | L40: No. Urut | M40: : | N40: ='[2]G-STAFF'!A38 -> 4
B41: Periode | C41: : | D41: ='[2]G-STAFF'!A3 -> 01 JANUARI S/D 31 JANUARI 2025 | L41: Periode | M41: : | N41: ='[2]G-STAFF'!A3 -> 01 JANUARI S/D 31 JANUARI 2025
B42: Nama Karyawan | C42: : | D42: ='[2]G-STAFF'!B37 -> ANDIKA WIJAYA | L42: Nama Karyawan | M42: : | N42: ='[2]G-STAFF'!B38 -> SAMANHUDI
B43: Bagian / Jabatan | C43: : | D43: ='[2]G-STAFF'!H36 -> SECURITY | L43: Bagian / Jabatan | M43: : | N43: ='[2]G-STAFF'!H38 -> SECURITY
B45: PENERIMAAN | L45: PENERIMAAN
B46: GAJI POKOK | H46: =+GENERAL!F12 -> 4594855 | L46: GAJI POKOK | R46: =+GENERAL!F13 -> 4594855
B47: TUNJANGAN JABATAN | H47: =+GENERAL!J12 -> 0 | L47: TUNJANGAN JABATAN | R47: =+GENERAL!J13 -> 0
B48: TUNJANGAN BPJS | H48: =+GENERAL!T12 -> 448215.69 | L48: TUNJANGAN BPJS | R48: =+GENERAL!T13 -> 448215.69
B49: UANG MAKAN | D49: ='[2]G-STAFF'!Z37 -> 31 | E49: H.K | F49: X | G49: 6000 | H49: =+GENERAL!M12 -> 180000 | L49: UANG MAKAN | N49: ='[2]G-STAFF'!Z38 -> 31 | O49: H.K | P49: X | Q49: 6000 | R49: =+GENERAL!M13 -> 180000
B50: LEMBUR WAJIB | D50: ='[2]G-STAFF'!V37 -> 0 | E50: HARI | F50: X | G50: ='[2]G-STAFF'!U37 -> 127552.93 | H50: =G50*D50 -> 0 | L50: LEMBUR WAJIB | N50: ='[2]G-STAFF'!V38 -> 0 | O50: HARI | P50: X | Q50: ='[2]G-STAFF'!U38 -> 141814.67 | R50: =Q50*N50 -> 0
B51: HL/HM/HR | D51: ='[2]G-STAFF'!CH37 -> 0 | E51: JAM | F51: X | G51: ='[2]G-STAFF'!M37 -> 22119.006 | H51: =G51*D51 -> 0 | L51: HL/HM/HR | N51: ='[2]G-STAFF'!CH38 -> 0 | O51: JAM | P51: X | Q51: ='[2]G-STAFF'!M38 -> 24592.139 | R51: =Q51*N51 -> 0
B52: H.BIASA | D52: ='[2]G-STAFF'!CG37 -> 0 | E52: JAM | F52: X | G52: =G51 -> 22119.006 | H52: =G52*D52 -> 0 | L52: H.BIASA | N52: ='[2]G-STAFF'!CG38 -> 0 | O52: JAM | P52: X | Q52: =Q51 -> 24592.139 | R52: =Q52*N52 -> 0
B53: TOTAL | D53: ='[2]G-STAFF'!CI37 -> 0 | H53: =SUM(H46:H52) -> 5223070.7 | L53: TOTAL | N53: ='[2]G-STAFF'!CI38 -> 0 | R53: =SUM(R46:R52) -> 5223070.7
B55: POTONGAN | L55: POTONGAN
B56: PPH 21 | G56: ='[2]G-STAFF'!C37 -> K1 | H56: =+GENERAL!AA12 -> 0 | L56: PPH 21 | Q56: ='[2]G-STAFF'!C38 -> K | R56: =+GENERAL!AA13 -> 0
B57: BPJS KES 1% | H57: =+GENERAL!X12+GENERAL!Y12 -> 48772.11 | L57: BPJS KES 1% | R57: =+GENERAL!X13+GENERAL!Y13 -> 48772.11
B58: BPJS TK 3% | H58: =+GENERAL!V12+GENERAL!W12 -> 146316.33 | L58: BPJS TK 3% | R58: =+GENERAL!V13+GENERAL!W13 -> 146316.33
B59: BPJS DITANGGUNG PERUSAHAAN | H59: =+H48 -> 448215.69 | L59: BPJS DITANGGUNG PERUSAHAAN | R59: =+R48 -> 448215.69
B60: TOTAL POTONGAN | H60: =SUM(H56:H59) -> 643304.13 | L60: TOTAL POTONGAN | R60: =SUM(R56:R59) -> 643304.13
B61: TOTAL GAJI | H61: =SUM(H53-H60) -> 4579766.6 | L61: TOTAL GAJI | R61: =SUM(R53-R60) -> 4579766.6
B62: KAS NON SHIFT | H62: ='[2]Urutan Nm'!H70 -> 10000 | L62: KAS NON SHIFT | R62: ='[2]Urutan Nm'!H71 -> 10000
B64: TOTAL GAJI DITERIMA | H64: =SUM(H61-H62) -> 4569766.6 | L64: TOTAL GAJI DITERIMA | R64: =SUM(R61-R62) -> 4569766.6
B65: DIBUAT | G65: DITERIMA | L65: DIBUAT | Q65: DITERIMA
B68: (__________________) | G68: (________________) | L68: (__________________) | Q68: (________________)
B74: SLIP GAJI | L74: SLIP GAJI
B75: No. Urut | C75: : | D75: ='[2]G-STAFF'!A39 -> 5 | L75: No. Urut | M75: : | N75: ='[2]G-STAFF'!A68 -> #REF!
B76: Periode | C76: : | D76: ='[2]G-STAFF'!A3 -> 01 JANUARI S/D 31 JANUARI 2025 | L76: Periode | M76: : | N76: ='[2]G-STAFF'!A33 -> 0
B77: Nama Karyawan | C77: : | D77: ='[2]G-STAFF'!B39 -> HASAN NURDIANSYAH | L77: Nama Karyawan | M77: : | N77: ='[2]G-STAFF'!B68 -> #REF!
B78: Bagian / Jabatan | C78: : | D78: ='[2]G-STAFF'!H39 -> MECHANIK | L78: Bagian / Jabatan | M78: : | N78: ='[2]G-STAFF'!H68 -> #REF!
B80: PENERIMAAN | L80: PENERIMAAN
B81: GAJI POKOK | H81: =+GENERAL!F14 -> 4877211 | L81: GAJI POKOK | R81: 0
B82: TUNJANGAN JABATAN | H82: =+GENERAL!J14 -> 300000 | L82: TUNJANGAN JABATAN
B83: TUNJANGAN BPJS | H83: =+GENERAL!T14 -> 448215.69 | L83: TUNJANGAN BPJS | R83: 0
B84: UANG MAKAN | D84: ='[2]G-STAFF'!Z39 -> 24 | E84: H.K | F84: X | G84: 4000 | H84: =+GENERAL!M14 -> 150000 | L84: UANG MAKAN | N84: ='[2]G-STAFF'!#REF! -> #REF! | O84: H.K | P84: X | Q84: 6000 | R84: 0
B85: LEMBUR WAJIB | L85: LEMBUR WAJIB
B86: HL/HM/HR | D86: ='[2]G-STAFF'!CH39 -> 0 | E86: JAM | F86: X | G86: ='[2]G-STAFF'!M39 -> 30970.023 | H86: =G86*D86 -> 0 | L86: HL/HM/HR | N86: ='[2]G-STAFF'!#REF! -> #REF! | O86: JAM | P86: X | Q86: ='[2]G-STAFF'!#REF! -> #REF! | R86: =Q86*N86 -> #REF!
B87: H.BIASA | D87: ='[2]G-STAFF'!CG39 -> 0 | E87: JAM | F87: X | G87: =G86 -> 30970.023 | H87: =G87*D87 -> 0 | L87: H.BIASA | N87: ='[2]G-STAFF'!#REF! -> #REF! | O87: JAM | P87: X | Q87: =Q86 -> #REF! | R87: 0
B88: TOTAL | D88: ='[2]G-STAFF'!CI39 -> 0 | H88: =SUM(H81:H87) -> 5775426.7 | L88: TOTAL | N88: ='[2]G-STAFF'!#REF! -> #REF! | R88: =SUM(R81:R87) -> #REF!
B90: POTONGAN | L90: POTONGAN
B91: PPH 21 | G91: ='[2]G-STAFF'!C39 -> K1 | H91: =+GENERAL!AA14 -> 0 | L91: PPH 21 | N91: ='[2]G-STAFF'!C68 -> #REF! | Q91: ='[2]G-STAFF'!Q68 -> #REF!
B92: BPJS KES 1% | H92: =+GENERAL!X14+GENERAL!Y14 -> 48772.11 | L92: BPJS KES 1%
B93: BPJS TK 3% | H93: =+GENERAL!V14+GENERAL!W14 -> 146316.33 | L93: BPJS TK 3%
B94: BPJS DITANGGUNG PERUSAHAAN | H94: =+H83 -> 448215.69 | L94: BPJS DITANGGUNG PERUSAHAAN | Q94: ='[2]G-STAFF'!R68 -> #REF!
B95: TOTAL POTONGAN | H95: =SUM(H91:H94) -> 643304.13 | L95: TOTAL POTONGAN | R95: =SUM(R91:R94) -> 0
B96: TOTAL GAJI | H96: =SUM(H88-H95) -> 5132122.6 | L96: TOTAL GAJI | R96: =SUM(R88-R95) -> #REF!
B97: KAS NON SHIFT | H97: ='[2]Urutan Nm'!H72 -> 10000 | L97: KAS NON SHIFT
B99: TOTAL GAJI DITERIMA | H99: =SUM(H96-H97) -> 5122122.6 | L99: TOTAL GAJI DITERIMA | R99: =SUM(R88-R98) -> #REF!
B100: DIBUAT | G100: DITERIMA | L100: DIBUAT | Q100: DITERIMA
B103: (__________________) | G103: (________________) | L103: (__________________) | Q103: (________________)
B109: SLIP GAJI | L109: SLIP GAJI
B110: No. Urut | C110: : | D110: ='[2]G-STAFF'!A40 -> 6 | L110: No. Urut | M110: : | N110: ='[2]G-STAFF'!A41 -> 7
B111: Periode | C111: : | D111: ='[2]G-STAFF'!A3 -> 01 JANUARI S/D 31 JANUARI 2025 | L111: Periode | M111: : | N111: ='[2]G-STAFF'!A3 -> 01 JANUARI S/D 31 JANUARI 2025
B112: Nama Karyawan | C112: : | D112: ='[2]G-STAFF'!B40 -> SUTRIS | L112: Nama Karyawan | M112: : | N112: ='[2]G-STAFF'!B41 -> SUCIPTO
B113: Bagian / Jabatan | C113: : | D113: ='[2]G-STAFF'!H40 -> DRIVER | L113: Bagian / Jabatan | M113: : | N113: ='[2]G-STAFF'!H41 -> DRIVER
B115: PENERIMAAN | L115: PENERIMAAN
B116: GAJI POKOK | H116: =+GENERAL!F15 -> 4877211 | L116: GAJI POKOK | R116: =+GENERAL!F16 -> 4877211
B117: TUNJANGAN JABATAN | H117: =+GENERAL!J15 -> 100000 | L117: TUNJANGAN JABATAN | R117: =+GENERAL!J16 -> 0
B118: TUNJANGAN BPJS | H118: =+GENERAL!T15 -> 448215.69 | L118: TUNJANGAN BPJS | R118: =+GENERAL!T16 -> 448215.69
B119: UANG MAKAN | D119: 19 | E119: H.K | F119: X | G119: 6000 | H119: =+D119*G119 -> 114000 | L119: UANG MAKAN | N119: ='[2]G-STAFF'!Z41 -> 20 | O119: H.K | P119: X | Q119: 6000 | R119: =+GENERAL!M16 -> 120000
B120: LEMBUR WAJIB | L120: LEMBUR WAJIB | R120: 0
B121: HL/HM/HR | D121: ='[2]G-STAFF'!CH40 -> 10 | E121: JAM | F121: X | G121: ='[2]G-STAFF'!M40 -> 25222.89 | H121: =G121*D121+7 -> 252235.9 | L121: HL/HM/HR | N121: ='[2]G-STAFF'!CH41 -> 10 | O121: JAM | P121: X | Q121: ='[2]G-STAFF'!M41 -> 25222.89 | R121: =Q121*N121+6 -> 252234.9
B122: H.BIASA | D122: ='[2]G-STAFF'!CG40 -> 53.5 | E122: JAM | F122: X | G122: =G121 -> 25222.89 | H122: =G122*D122 -> 1349424.6 | L122: H.BIASA | N122: ='[2]G-STAFF'!CG41 -> 44 | O122: JAM | P122: X | Q122: =Q121 -> 25222.89 | R122: =Q122*N122 -> 1109807.2
B123: TOTAL | D123: ='[2]G-STAFF'!CI40 -> 63.5 | H123: =SUM(H116:H122) -> 7141087.2 | L123: TOTAL | N123: ='[2]G-STAFF'!CI41 -> 54 | R123: =SUM(R116:R122) -> 6807468.8
B125: POTONGAN | L125: POTONGAN
B126: PPH 21 | G126: ='[2]G-STAFF'!C40 -> K1 | H126: =+GENERAL!AA15 -> 32642 | L126: PPH 21 | Q126: ='[2]G-STAFF'!C41 -> K | R126: =+GENERAL!AA16 -> 45509
B127: BPJS KES 1% | H127: =+GENERAL!X15+GENERAL!Y15 -> 48772.11 | L127: BPJS KES 1% | R127: =+GENERAL!X16+GENERAL!Y16 -> 48772.11
B128: BPJS TK 3% | H128: =+GENERAL!V15+GENERAL!W15 -> 146316.33 | L128: BPJS TK 3% | R128: =+GENERAL!V17+GENERAL!W17 -> 146316.33
B129: BPJS DITANGGUNG PERUSAHAAN | H129: =+H118 -> 448215.69 | L129: BPJS DITANGGUNG PERUSAHAAN | R129: =+R118 -> 448215.69
B130: TOTAL POTONGAN | H130: =SUM(H126:H129) -> 675946.13 | L130: TOTAL POTONGAN | R130: =SUM(R126:R129) -> 688813.13
B131: TOTAL GAJI | H131: =SUM(H123-H130) -> 6465141.1 | L131: TOTAL GAJI | R131: =SUM(R123-R130) -> 6118655.6
B132: KAS NON SHIFT | H132: ='[2]Urutan Nm'!H73 -> 10000 | L132: KAS NON SHIFT | R132: ='[2]Urutan Nm'!H74 -> 10000
B134: TOTAL GAJI DITERIMA | H134: =SUM(H131-H132) -> 6455141.1 | L134: TOTAL GAJI DITERIMA | R134: =SUM(R131-R132) -> 6108655.6
B135: DIBUAT | G135: DITERIMA | L135: DIBUAT | Q135: DITERIMA
B138: (__________________) | G138: (________________) | L138: (__________________) | Q138: (________________)
...

Sheet PRODUKSI 1
A1: PT INDOBOX UTAMA JAYA
A2: DAFTAR GAJI PRODUKSI 1
A3: PERIODE 01 NOVEMBER S/D 30 NOVEMBER 2025
A5: NO | B5: NAMA | C5: BAGIAN | D5: STS | E5: NIK | F5: HARI KERJA | G5: GAJI POKOK | H5: GAJI POKOK | I5: TUNJANGAN | L5: JAM OT | R5: TOTAL LEMBUR | S5: UANG MAKAN | T5: BONUS | U5: THR | V5: TOTAL GAJI | W5: BPJS DITANGGUNG PERUSAHAAN | AA5: BPJS PER- USAHAAN | AB5: GAJI BRUTO | AC5: BPJS DITANGGUNG KARYAWAN | AG5: POTONGAN | AI5: TOTAL GAJI SETELAH BPJS DAN PAJAK | AL5: BPJS TK | AM5: JKN | AN5: GAJI BRUTO | AO5: BIAYA JABATAN | AP5: GAJI NETTO | AQ5: GAJI SETAHUN | AR5: PTKP | AS5: PKP | AT5: PPH 21 SETAHUN | AU5: PPH 21 SEBULAN
I6: UANG JABATAN | J6: PRESTASI | K6: INSENTIF | W6: JKK JKM | X6: JHT | Y6: JP | Z6: BPJS KES | AC6: JHT | AD6: JP | AE6: BPJS KES | AF6: TAMBAHAN | AG6: BPJS | AH6: PPh 21
W7: 0.0119 | X7: 0.02 | Y7: 0.02 | Z7: 0.04 | AC7: 0.02 | AD7: 0.01 | AE7: 0.01 | AF7: 0.01 | AG7: TK + JKN | AO7: 0.05 | AQ7: 12
A9: 1 | B9: ENANG BIN LAMIN | C9: MOUNTING | D9: K2 | E9: 3201022904800009 | F9: 30 | G9: 145452 | H9: 4594855 | I9: 100000 | J9: 100000 | O9: 0 | P9: 26559.855 | Q9: =+O9*P9 -> 0 | R9: =+N9+Q9 -> 0 | S9: 100000 | U9: 0 | V9: =+H9+I9+J9+K9+R9+S9+U9 -> 4894855 | W9: =+AL9*$W$7 -> 58038.811 | X9: =+AL9*$X$7 -> 97544.22 | Y9: =+AL9*$Y$7 -> 97544.22 | Z9: =+AM9*$Z$7 -> 195088.44 | AA9: =SUM(W9:Z9) -> 448215.69 | AB9: =+V9+AA9 -> 5343070.7 | AC9: =+AL9*$AC$7 -> 97544.22 | AD9: =+AL9*$AD$7 -> 48772.11 | AE9: =+AM9*$AE$7 -> 48772.11 | AF9: 0 | AG9: =SUM(AC9:AF9) -> 195088.44 | AH9: 0 | AI9: =+V9-AG9-AH9 -> 4699766.6 | AL9: 4877211 | AM9: 4877211 | AN9: =+V9+W9+Z9 -> 5147982.3 | AO9: =IF(AN9*0.05>500000,500000,AN9*0.05) -> 257399.11 | AP9: =+AN9-AO9-AC9-AD9 -> 4744266.8 | AQ9: =+AP9*$AQ$7 -> 56931202 | AR9: =IF(D9="TK",54000000,(IF(OR(D9="TK1",D9="K"),58500000,(IF(OR(D9="TK2",D9="K1"),63000000,(IF(OR(OR(D9="TK3",D9="TK4"),D9="K2"),67500000,72000000))))))) -> 67500000 | AS9: =IF((+AQ9-AR9)<=0,0,TRUNC((AQ9-AR9)/1000)*1000) -> 0 | AT9: =IF(AS9<=60000000,AS9*5%,IF(AS9<=250000000,3000000+((AS9-60000000)*15%),IF(AS9<=500000000,31500000+((AS9-250000000)*25%),IF(AND(AS9>=500000000,AS9<=5000000000),94000000+((AS9-500000000)*30%),IF(AS9>5000000000,(1444000000+(AS9-5000000000)*35%)))))) -> 0 | AU9: =+AT9/12 -> 0
A10: 2 | B10: HERMAN | C10: DELIVERY | D10: K2 | E10: 3201020304740014 | F10: 19 | G10: 145452 | H10: 4594855 | I10: 0 | J10: 0 | O10: 36 | P10: 26559.855 | Q10: =+O10*P10 -> 956154.8 | R10: =+N10+Q10 -> 956154.8 | S10: 60000 | U10: 0 | V10: =+H10+I10+J10+K10+R10+S10+U10 -> 5611009.8 | W10: =+AL10*$W$7 -> 58038.811 | X10: =+AL10*$X$7 -> 97544.22 | Y10: =+AL10*$Y$7 -> 97544.22 | Z10: =+AM10*$Z$7 -> 195088.44 | AA10: =SUM(W10:Z10) -> 448215.69 | AB10: =+V10+AA10 -> 6059225.5 | AC10: =+AL10*$AC$7 -> 97544.22 | AD10: =+AL10*$AD$7 -> 48772.11 | AE10: =+AM10*$AE$7 -> 48772.11 | AG10: =SUM(AC10:AF10) -> 195088.44 | AH10: 0 | AI10: =+V10-AG10-AH10 -> 5415921.4 | AL10: 4877211 | AM10: 4877211 | AN10: =+V10+W10+Z10 -> 5864137 | AO10: =IF(AN10*0.05>500000,500000,AN10*0.05) -> 293206.85 | AP10: =+AN10-AO10-AC10-AD10 -> 5424613.9 | AQ10: =+AP10*$AQ$7 -> 65095366 | AR10: =IF(D10="TK",54000000,(IF(OR(D10="TK1",D10="K"),58500000,(IF(OR(D10="TK2",D10="K1"),63000000,(IF(OR(OR(D10="TK3",D10="TK4"),D10="K2"),67500000,72000000))))))) -> 67500000 | AS10: =IF((+AQ10-AR10)<=0,0,TRUNC((AQ10-AR10)/1000)*1000) -> 0 | AT10: =IF(AS10<=60000000,AS10*5%,IF(AS10<=250000000,3000000+((AS10-60000000)*15%),IF(AS10<=500000000,31500000+((AS10-250000000)*25%),IF(AND(AS10>=500000000,AS10<=5000000000),94000000+((AS10-500000000)*30%),IF(AS10>5000000000,(1444000000+(AS10-5000000000)*35%)))))) -> 0 | AU10: =+AT10/12 -> 0
A11: 3 | B11: UJANG SUHADA | C11: WONDAN | D11: K1 | E11: 3201021908740010 | F11: 30 | G11: 145452 | H11: 4594855 | I11: 0 | J11: 0 | O11: 0 | P11: 26559.855 | Q11: =+O11*P11 -> 0 | R11: =+N11+Q11 -> 0 | S11: 96000 | U11: 0 | V11: =+H11+I11+J11+K11+R11+S11+U11 -> 4690855 | W11: =+AL11*$W$7 -> 58038.811 | X11: =+AL11*$X$7 -> 97544.22 | Y11: =+AL11*$Y$7 -> 97544.22 | Z11: =+AM11*$Z$7 -> 195088.44 | AA11: =SUM(W11:Z11) -> 448215.69 | AB11: =+V11+AA11 -> 5139070.7 | AC11: =+AL11*$AC$7 -> 97544.22 | AD11: =+AL11*$AD$7 -> 48772.11 | AE11: =+AM11*$AE$7 -> 48772.11 | AG11: =SUM(AC11:AF11) -> 195088.44 | AH11: 0 | AI11: =+V11-AG11-AH11 -> 4495766.6 | AL11: 4877211 | AM11: 4877211 | AN11: =+V11+W11+Z11 -> 4943982.3 | AO11: =IF(AN11*0.05>500000,500000,AN11*0.05) -> 247199.11 | AP11: =+AN11-AO11-AC11-AD11 -> 4550466.8 | AQ11: =+AP11*$AQ$7 -> 54605602 | AR11: =IF(D11="TK",54000000,(IF(OR(D11="TK1",D11="K"),58500000,(IF(OR(D11="TK2",D11="K1"),63000000,(IF(OR(OR(D11="TK3",D11="TK4"),D11="K2"),67500000,72000000))))))) -> 63000000 | AS11: =IF((+AQ11-AR11)<=0,0,TRUNC((AQ11-AR11)/1000)*1000) -> 0 | AT11: =IF(AS11<=60000000,AS11*5%,IF(AS11<=250000000,3000000+((AS11-60000000)*15%),IF(AS11<=500000000,31500000+((AS11-250000000)*25%),IF(AND(AS11>=500000000,AS11<=5000000000),94000000+((AS11-500000000)*30%),IF(AS11>5000000000,(1444000000+(AS11-5000000000)*35%)))))) -> 0 | AU11: =+AT11/12 -> 0
A12: 4 | B12: UCI SUPRIYATNA | C12: OP THOMSON | D12: K3 | E12: 3201021701830003 | F12: 28 | G12: 145452 | H12: 4594855 | I12: 0 | J12: 0 | O12: 0 | P12: 26559.855 | Q12: =+O12*P12 -> 0 | R12: =+N12+Q12 -> 0 | S12: 92000 | U12: 0 | V12: =+H12+I12+J12+K12+R12+S12+U12 -> 4686855 | W12: =+AL12*$W$7 -> 58038.811 | X12: =+AL12*$X$7 -> 97544.22 | Y12: =+AL12*$Y$7 -> 97544.22 | Z12: =+AM12*$Z$7 -> 195088.44 | AA12: =SUM(W12:Z12) -> 448215.69 | AB12: =+V12+AA12 -> 5135070.7 | AC12: =+AL12*$AC$7 -> 97544.22 | AD12: =+AL12*$AD$7 -> 48772.11 | AE12: =+AM12*$AE$7 -> 48772.11 | AG12: =SUM(AC12:AF12) -> 195088.44 | AH12: 0 | AI12: =+V12-AG12-AH12 -> 4491766.6 | AL12: 4877211 | AM12: 4877211 | AN12: =+V12+W12+Z12 -> 4939982.3 | AO12: =IF(AN12*0.05>500000,500000,AN12*0.05) -> 246999.11 | AP12: =+AN12-AO12-AC12-AD12 -> 4546666.8 | AQ12: =+AP12*$AQ$7 -> 54560002 | AR12: =IF(D12="TK",54000000,(IF(OR(D12="TK1",D12="K"),58500000,(IF(OR(D12="TK2",D12="K1"),63000000,(IF(OR(OR(D12="TK3",D12="TK4"),D12="K2"),67500000,72000000))))))) -> 72000000 | AS12: =IF((+AQ12-AR12)<=0,0,TRUNC((AQ12-AR12)/1000)*1000) -> 0 | AT12: =IF(AS12<=60000000,AS12*5%,IF(AS12<=250000000,3000000+((AS12-60000000)*15%),IF(AS12<=500000000,31500000+((AS12-250000000)*25%),IF(AND(AS12>=500000000,AS12<=5000000000),94000000+((AS12-500000000)*30%),IF(AS12>5000000000,(1444000000+(AS12-5000000000)*35%)))))) -> 0 | AU12: =+AT12/12 -> 0
A13: 5 | B13: ADE ANSORI | C13: DELIVERY | D13: K1 | E13: 3201022608820004 | F13: 23 | G13: 145452 | H13: 4594855 | I13: 0 | J13: 0 | O13: 12 | P13: 26559.855 | Q13: =+O13*P13 -> 318718.27 | R13: =+N13+Q13 -> 318718.27 | S13: 72000 | U13: 0 | V13: =+H13+I13+J13+K13+R13+S13+U13 -> 4985573.3 | W13: =+AL13*$W$7 -> 58038.811 | X13: =+AL13*$X$7 -> 97544.22 | Y13: =+AL13*$Y$7 -> 97544.22 | Z13: =+AM13*$Z$7 -> 195088.44 | AA13: =SUM(W13:Z13) -> 448215.69 | AB13: =+V13+AA13 -> 5433789 | AC13: =+AL13*$AC$7 -> 97544.22 | AD13: =+AL13*$AD$7 -> 48772.11 | AE13: =+AM13*$AE$7 -> 48772.11 | AG13: =SUM(AC13:AF13) -> 195088.44 | AH13: 0 | AI13: =+V13-AG13-AH13 -> 4790484.8 | AL13: 4877211 | AM13: 4877211 | AN13: =+V13+W13+Z13 -> 5238700.5 | AO13: =IF(AN13*0.05>500000,500000,AN13*0.05) -> 261935.03 | AP13: =+AN13-AO13-AC13-AD13 -> 4830449.2 | AQ13: =+AP13*$AQ$7 -> 57965390 | AR13: =IF(D13="TK",54000000,(IF(OR(D13="TK1",D13="K"),58500000,(IF(OR(D13="TK2",D13="K1"),63000000,(IF(OR(OR(D13="TK3",D13="TK4"),D13="K2"),67500000,72000000))))))) -> 63000000 | AS13: =IF((+AQ13-AR13)<=0,0,TRUNC((AQ13-AR13)/1000)*1000) -> 0 | AT13: =IF(AS13<=60000000,AS13*5%,IF(AS13<=250000000,3000000+((AS13-60000000)*15%),IF(AS13<=500000000,31500000+((AS13-250000000)*25%),IF(AND(AS13>=500000000,AS13<=5000000000),94000000+((AS13-500000000)*30%),IF(AS13>5000000000,(1444000000+(AS13-5000000000)*35%)))))) -> 0 | AU13: =+AT13/12 -> 0
A14: 6 | B14: SOLEH | C14: OP. PARTISI | D14: K2 | E14: 3201021304820008 | F14: 16 | G14: 145452 | H14: 4594855 | I14: 80000 | J14: 80000 | O14: 0 | P14: 26559.855 | Q14: =+O14*P14 -> 0 | R14: =+N14+Q14 -> 0 | S14: 52000 | U14: 0 | V14: =+H14+I14+J14+K14+R14+S14+U14 -> 4806855 | W14: =+AL14*$W$7 -> 58038.811 | X14: =+AL14*$X$7 -> 97544.22 | Y14: =+AL14*$Y$7 -> 97544.22 | Z14: =+AM14*$Z$7 -> 195088.44 | AA14: =SUM(W14:Z14) -> 448215.69 | AB14: =+V14+AA14 -> 5255070.7 | AC14: =+AL14*$AC$7 -> 97544.22 | AD14: =+AL14*$AD$7 -> 48772.11 | AE14: =+AM14*$AE$7 -> 48772.11 | AG14: =SUM(AC14:AF14) -> 195088.44 | AH14: 0 | AI14: =+V14-AG14-AH14 -> 4611766.6 | AL14: 4877211 | AM14: 4877211 | AN14: =+V14+W14+Z14 -> 5059982.3 | AO14: =IF(AN14*0.05>500000,500000,AN14*0.05) -> 252999.11 | AP14: =+AN14-AO14-AC14-AD14 -> 4660666.8 | AQ14: =+AP14*$AQ$7 -> 55928002 | AR14: =IF(D14="TK",54000000,(IF(OR(D14="TK1",D14="K"),58500000,(IF(OR(D14="TK2",D14="K1"),63000000,(IF(OR(OR(D14="TK3",D14="TK4"),D14="K2"),67500000,72000000))))))) -> 67500000 | AS14: =IF((+AQ14-AR14)<=0,0,TRUNC((AQ14-AR14)/1000)*1000) -> 0 | AT14: =IF(AS14<=60000000,AS14*5%,IF(AS14<=250000000,3000000+((AS14-60000000)*15%),IF(AS14<=500000000,31500000+((AS14-250000000)*25%),IF(AND(AS14>=500000000,AS14<=5000000000),94000000+((AS14-500000000)*30%),IF(AS14>5000000000,(1444000000+(AS14-5000000000)*35%)))))) -> 0 | AU14: =+AT14/12 -> 0
A15: 7 | B15: AMIR RUDIN | C15: OP. SLITER 4 | D15: K2 | E15: 3201021405840004 | F15: 16 | G15: 145452 | H15: 4594855 | I15: 0 | J15: 0 | O15: 0 | P15: 26559.855 | Q15: =+O15*P15 -> 0 | R15: =+N15+Q15 -> 0 | S15: 52000 | U15: 0 | V15: =+H15+I15+J15+K15+R15+S15+U15 -> 4646855 | W15: =+AL15*$W$7 -> 58038.811 | X15: =+AL15*$X$7 -> 97544.22 | Y15: =+AL15*$Y$7 -> 97544.22 | Z15: =+AM15*$Z$7 -> 195088.44 | AA15: =SUM(W15:Z15) -> 448215.69 | AB15: =+V15+AA15 -> 5095070.7 | AC15: =+AL15*$AC$7 -> 97544.22 | AD15: =+AL15*$AD$7 -> 48772.11 | AE15: =+AM15*$AE$7 -> 48772.11 | AF15: 48772.11 | AG15: =SUM(AC15:AF15) -> 243860.55 | AH15: 0 | AI15: =+V15-AG15-AH15 -> 4402994.5 | AL15: 4877211 | AM15: 4877211 | AN15: =+V15+W15+Z15 -> 4899982.3 | AO15: =IF(AN15*0.05>500000,500000,AN15*0.05) -> 244999.11 | AP15: =+AN15-AO15-AC15-AD15 -> 4508666.8 | AQ15: =+AP15*$AQ$7 -> 54104002 | AR15: =IF(D15="TK",54000000,(IF(OR(D15="TK1",D15="K"),58500000,(IF(OR(D15="TK2",D15="K1"),63000000,(IF(OR(OR(D15="TK3",D15="TK4"),D15="K2"),67500000,72000000))))))) -> 67500000 | AS15: =IF((+AQ15-AR15)<=0,0,TRUNC((AQ15-AR15)/1000)*1000) -> 0 | AT15: =IF(AS15<=60000000,AS15*5%,IF(AS15<=250000000,3000000+((AS15-60000000)*15%),IF(AS15<=500000000,31500000+((AS15-250000000)*25%),IF(AND(AS15>=500000000,AS15<=5000000000),94000000+((AS15-500000000)*30%),IF(AS15>5000000000,(1444000000+(AS15-5000000000)*35%)))))) -> 0 | AU15: =+AT15/12 -> 0
A16: 8 | B16: OCEN SAPUTRA | C16: C. SERVICE | D16: K1 | E16: 3201022006860004 | F16: 30 | G16: 145452 | H16: 4594855 | I16: 0 | J16: 100000 | O16: 12.5 | P16: 26559.855 | Q16: =+O16*P16 -> 331998.19 | R16: =+N16+Q16 -> 331998.19 | S16: 100000 | U16: 0 | V16: =+H16+I16+J16+K16+R16+S16+U16 -> 5126853.2 | W16: =+AL16*$W$7 -> 58038.811 | X16: =+AL16*$X$7 -> 97544.22 | Y16: =+AL16*$Y$7 -> 97544.22 | Z16: =+AM16*$Z$7 -> 195088.44 | AA16: =SUM(W16:Z16) -> 448215.69 | AB16: =+V16+AA16 -> 5575068.9 | AC16: =+AL16*$AC$7 -> 97544.22 | AD16: =+AL16*$AD$7 -> 48772.11 | AE16: =+AM16*$AE$7 -> 48772.11 | AF16: 0 | AG16: =SUM(AC16:AF16) -> 195088.44 | AH16: 0 | AI16: =+V16-AG16-AH16 -> 4931764.8 | AL16: 4877211 | AM16: 4877211 | AN16: =+V16+W16+Z16 -> 5379980.4 | AO16: =IF(AN16*0.05>500000,500000,AN16*0.05) -> 268999.02 | AP16: =+AN16-AO16-AC16-AD16 -> 4964665.1 | AQ16: =+AP16*$AQ$7 -> 59575981 | AR16: =IF(D16="TK",54000000,(IF(OR(D16="TK1",D16="K"),58500000,(IF(OR(D16="TK2",D16="K1"),63000000,(IF(OR(OR(D16="TK3",D16="TK4"),D16="K2"),67500000,72000000))))))) -> 63000000 | AS16: =IF((+AQ16-AR16)<=0,0,TRUNC((AQ16-AR16)/1000)*1000) -> 0 | AT16: =IF(AS16<=60000000,AS16*5%,IF(AS16<=250000000,3000000+((AS16-60000000)*15%),IF(AS16<=500000000,31500000+((AS16-250000000)*25%),IF(AND(AS16>=500000000,AS16<=5000000000),94000000+((AS16-500000000)*30%),IF(AS16>5000000000,(1444000000+(AS16-5000000000)*35%)))))) -> 0 | AU16: =+AT16/12 -> 0
A17: 9 | B17: RAMIN | C17: DELIVERY | D17: K1 | E17: 3201321707830001 | F17: 24 | G17: 145452 | H17: 4594855 | I17: 0 | J17: 0 | O17: 39 | P17: 26559.855 | Q17: =+O17*P17 -> 1035834.4 | R17: =+N17+Q17 -> 1035834.4 | S17: 72000 | U17: 0 | V17: =+H17+I17+J17+K17+R17+S17+U17 -> 5702689.4 | W17: =+AL17*$W$7 -> 58038.811 | X17: =+AL17*$X$7 -> 97544.22 | Y17: =+AL17*$Y$7 -> 97544.22 | Z17: =+AM17*$Z$7 -> 195088.44 | AA17: =SUM(W17:Z17) -> 448215.69 | AB17: =+V17+AA17 -> 6150905.1 | AC17: =+AL17*$AC$7 -> 97544.22 | AD17: =+AL17*$AD$7 -> 48772.11 | AE17: =+AM17*$AE$7 -> 48772.11 | AG17: =SUM(AC17:AF17) -> 195088.44 | AH17: 0 | AI17: =+V17-AG17-AH17 -> 5507600.9 | AL17: 4877211 | AM17: 4877211 | AN17: =+V17+W17+Z17 -> 5955816.6 | AO17: =IF(AN17*0.05>500000,500000,AN17*0.05) -> 297790.83 | AP17: =+AN17-AO17-AC17-AD17 -> 5511709.5 | AQ17: =+AP17*$AQ$7 -> 66140513 | AR17: =IF(D17="TK",54000000,(IF(OR(D17="TK1",D17="K"),58500000,(IF(OR(D17="TK2",D17="K1"),63000000,(IF(OR(OR(D17="TK3",D17="TK4"),D17="K2"),67500000,72000000))))))) -> 63000000 | AS17: =IF((+AQ17-AR17)<=0,0,TRUNC((AQ17-AR17)/1000)*1000) -> 3140000 | AT17: =IF(AS17<=60000000,AS17*5%,IF(AS17<=250000000,3000000+((AS17-60000000)*15%),IF(AS17<=500000000,31500000+((AS17-250000000)*25%),IF(AND(AS17>=500000000,AS17<=5000000000),94000000+((AS17-500000000)*30%),IF(AS17>5000000000,(1444000000+(AS17-5000000000)*35%)))))) -> 157000 | AU17: =+AT17/12 -> 13083.333
A18: 10 | B18: ACEP SAPUTRA | C18: QC SHEET | D18: K2 | E18: 3201320104900005 | F18: 28 | G18: 145452 | H18: 4594855 | I18: 100000 | J18: 100000 | O18: 0 | P18: 26559.855 | Q18: =+O18*P18 -> 0 | R18: =+N18+Q18 -> 0 | S18: 92000 | U18: 0 | V18: =+H18+I18+J18+K18+R18+S18+U18 -> 4886855 | W18: =+AL18*$W$7 -> 58038.811 | X18: =+AL18*$X$7 -> 97544.22 | Y18: =+AL18*$Y$7 -> 97544.22 | Z18: =+AM18*$Z$7 -> 195088.44 | AA18: =SUM(W18:Z18) -> 448215.69 | AB18: =+V18+AA18 -> 5335070.7 | AC18: =+AL18*$AC$7 -> 97544.22 | AD18: =+AL18*$AD$7 -> 48772.11 | AE18: =+AM18*$AE$7 -> 48772.11 | AG18: =SUM(AC18:AF18) -> 195088.44 | AH18: 0 | AI18: =+V18-AG18-AH18 -> 4691766.6 | AL18: 4877211 | AM18: 4877211 | AN18: =+V18+W18+Z18 -> 5139982.3 | AO18: =IF(AN18*0.05>500000,500000,AN18*0.05) -> 256999.11 | AP18: =+AN18-AO18-AC18-AD18 -> 4736666.8 | AQ18: =+AP18*$AQ$7 -> 56840002 | AR18: =IF(D18="TK",54000000,(IF(OR(D18="TK1",D18="K"),58500000,(IF(OR(D18="TK2",D18="K1"),63000000,(IF(OR(OR(D18="TK3",D18="TK4"),D18="K2"),67500000,72000000))))))) -> 67500000 | AS18: =IF((+AQ18-AR18)<=0,0,TRUNC((AQ18-AR18)/1000)*1000) -> 0 | AT18: =IF(AS18<=60000000,AS18*5%,IF(AS18<=250000000,3000000+((AS18-60000000)*15%),IF(AS18<=500000000,31500000+((AS18-250000000)*25%),IF(AND(AS18>=500000000,AS18<=5000000000),94000000+((AS18-500000000)*30%),IF(AS18>5000000000,(1444000000+(AS18-5000000000)*35%)))))) -> 0 | AU18: =+AT18/12 -> 0
A19: 11 | B19: M.SOLEH SALAHUDIN | C19: OP. PRINTER 5 | D19: K2 | E19: 3201021608900007 | F19: 15 | G19: 145452 | H19: 4594855 | I19: 100000 | J19: 100000 | O19: 0 | P19: 26559.855 | Q19: =+O19*P19 -> 0 | R19: =+N19+Q19 -> 0 | S19: 48000 | U19: 0 | V19: =+H19+I19+J19+K19+R19+S19+U19 -> 4842855 | W19: =+AL19*$W$7 -> 58038.811 | X19: =+AL19*$X$7 -> 97544.22 | Y19: =+AL19*$Y$7 -> 97544.22 | Z19: =+AM19*$Z$7 -> 195088.44 | AA19: =SUM(W19:Z19) -> 448215.69 | AB19: =+V19+AA19 -> 5291070.7 | AC19: =+AL19*$AC$7 -> 97544.22 | AD19: =+AL19*$AD$7 -> 48772.11 | AE19: =+AM19*$AE$7 -> 48772.11 | AG19: =SUM(AC19:AF19) -> 195088.44 | AH19: 0 | AI19: =+V19-AG19-AH19 -> 4647766.6 | AL19: 4877211 | AM19: 4877211 | AN19: =+V19+W19+Z19 -> 5095982.3 | AO19: =IF(AN19*0.05>500000,500000,AN19*0.05) -> 254799.11 | AP19: =+AN19-AO19-AC19-AD19 -> 4694866.8 | AQ19: =+AP19*$AQ$7 -> 56338402 | AR19: =IF(D19="TK",54000000,(IF(OR(D19="TK1",D19="K"),58500000,(IF(OR(D19="TK2",D19="K1"),63000000,(IF(OR(OR(D19="TK3",D19="TK4"),D19="K2"),67500000,72000000))))))) -> 67500000 | AS19: =IF((+AQ19-AR19)<=0,0,TRUNC((AQ19-AR19)/1000)*1000) -> 0 | AT19: =IF(AS19<=60000000,AS19*5%,IF(AS19<=250000000,3000000+((AS19-60000000)*15%),IF(AS19<=500000000,31500000+((AS19-250000000)*25%),IF(AND(AS19>=500000000,AS19<=5000000000),94000000+((AS19-500000000)*30%),IF(AS19>5000000000,(1444000000+(AS19-5000000000)*35%)))))) -> 0 | AU19: =+AT19/12 -> 0
A20: 12 | B20: DANI | C20: OP. PRINTER 1 | D20: K1 | E20: 3201320202920002 | F20: 29 | G20: 145452 | H20: 4594855 | I20: 100000 | J20: 100000 | O20: 0 | P20: 26559.855 | Q20: =+O20*P20 -> 0 | R20: =+N20+Q20 -> 0 | S20: 92000 | U20: 0 | V20: =+H20+I20+J20+K20+R20+S20+U20 -> 4886855 | W20: =+AL20*$W$7 -> 58038.811 | X20: =+AL20*$X$7 -> 97544.22 | Y20: =+AL20*$Y$7 -> 97544.22 | Z20: =+AM20*$Z$7 -> 195088.44 | AA20: =SUM(W20:Z20) -> 448215.69 | AB20: =+V20+AA20 -> 5335070.7 | AC20: =+AL20*$AC$7 -> 97544.22 | AD20: =+AL20*$AD$7 -> 48772.11 | AE20: =+AM20*$AE$7 -> 48772.11 | AG20: =SUM(AC20:AF20) -> 195088.44 | AH20: 0 | AI20: =+V20-AG20-AH20 -> 4691766.6 | AL20: 4877211 | AM20: 4877211 | AN20: =+V20+W20+Z20 -> 5139982.3 | AO20: =IF(AN20*0.05>500000,500000,AN20*0.05) -> 256999.11 | AP20: =+AN20-AO20-AC20-AD20 -> 4736666.8 | AQ20: =+AP20*$AQ$7 -> 56840002 | AR20: =IF(D20="TK",54000000,(IF(OR(D20="TK1",D20="K"),58500000,(IF(OR(D20="TK2",D20="K1"),63000000,(IF(OR(OR(D20="TK3",D20="TK4"),D20="K2"),67500000,72000000))))))) -> 63000000 | AS20: =IF((+AQ20-AR20)<=0,0,TRUNC((AQ20-AR20)/1000)*1000) -> 0 | AT20: =IF(AS20<=60000000,AS20*5%,IF(AS20<=250000000,3000000+((AS20-60000000)*15%),IF(AS20<=500000000,31500000+((AS20-250000000)*25%),IF(AND(AS20>=500000000,AS20<=5000000000),94000000+((AS20-500000000)*30%),IF(AS20>5000000000,(1444000000+(AS20-5000000000)*35%)))))) -> 0 | AU20: =+AT20/12 -> 0
A21: 13 | B21: MUHAMMAD RAMDANI | C21: OP. PARTISI | D21: K3 | E21: 3201322703910003 | F21: 27 | G21: 145452 | H21: 4594855 | I21: 80000 | J21: 40000 | O21: 0 | P21: 26559.855 | Q21: =+O21*P21 -> 0 | R21: =+N21+Q21 -> 0 | S21: 88000 | U21: 0 | V21: =+H21+I21+J21+K21+R21+S21+U21 -> 4802855 | W21: =+AL21*$W$7 -> 58038.811 | X21: =+AL21*$X$7 -> 97544.22 | Y21: =+AL21*$Y$7 -> 97544.22 | Z21: =+AM21*$Z$7 -> 195088.44 | AA21: =SUM(W21:Z21) -> 448215.69 | AB21: =+V21+AA21 -> 5251070.7 | AC21: =+AL21*$AC$7 -> 97544.22 | AD21: =+AL21*$AD$7 -> 48772.11 | AE21: =+AM21*$AE$7 -> 48772.11 | AG21: =SUM(AC21:AF21) -> 195088.44 | AH21: 0 | AI21: =+V21-AG21-AH21 -> 4607766.6 | AL21: 4877211 | AM21: 4877211 | AN21: =+V21+W21+Z21 -> 5055982.3 | AO21: =IF(AN21*0.05>500000,500000,AN21*0.05) -> 252799.11 | AP21: =+AN21-AO21-AC21-AD21 -> 4656866.8 | AQ21: =+AP21*$AQ$7 -> 55882402 | AR21: =IF(D21="TK",54000000,(IF(OR(D21="TK1",D21="K"),58500000,(IF(OR(D21="TK2",D21="K1"),63000000,(IF(OR(OR(D21="TK3",D21="TK4"),D21="K2"),67500000,72000000))))))) -> 72000000 | AS21: =IF((+AQ21-AR21)<=0,0,TRUNC((AQ21-AR21)/1000)*1000) -> 0 | AT21: =IF(AS21<=60000000,AS21*5%,IF(AS21<=250000000,3000000+((AS21-60000000)*15%),IF(AS21<=500000000,31500000+((AS21-250000000)*25%),IF(AND(AS21>=500000000,AS21<=5000000000),94000000+((AS21-500000000)*30%),IF(AS21>5000000000,(1444000000+(AS21-5000000000)*35%)))))) -> 0 | AU21: =+AT21/12 -> 0
A22: 14 | B22: SARIPUDIN | C22: OP.SLITER 1 | D22: K | E22: 3201020409930006 | F22: 28 | G22: 145452 | H22: 4594855 | I22: 80000 | J22: 80000 | O22: 0 | P22: 26559.855 | Q22: =+O22*P22 -> 0 | R22: =+N22+Q22 -> 0 | S22: 92000 | U22: 0 | V22: =+H22+I22+J22+K22+R22+S22+U22 -> 4846855 | W22: =+AL22*$W$7 -> 58038.811 | X22: =+AL22*$X$7 -> 97544.22 | Y22: =+AL22*$Y$7 -> 97544.22 | Z22: =+AM22*$Z$7 -> 195088.44 | AA22: =SUM(W22:Z22) -> 448215.69 | AB22: =+V22+AA22 -> 5295070.7 | AC22: =+AL22*$AC$7 -> 97544.22 | AD22: =+AL22*$AD$7 -> 48772.11 | AE22: =+AM22*$AE$7 -> 48772.11 | AG22: =SUM(AC22:AF22) -> 195088.44 | AH22: 0 | AI22: =+V22-AG22-AH22 -> 4651766.6 | AL22: 4877211 | AM22: 4877211 | AN22: =+V22+W22+Z22 -> 5099982.3 | AO22: =IF(AN22*0.05>500000,500000,AN22*0.05) -> 254999.11 | AP22: =+AN22-AO22-AC22-AD22 -> 4698666.8 | AQ22: =+AP22*$AQ$7 -> 56384002 | AR22: =IF(D22="TK",54000000,(IF(OR(D22="TK1",D22="K"),58500000,(IF(OR(D22="TK2",D22="K1"),63000000,(IF(OR(OR(D22="TK3",D22="TK4"),D22="K2"),67500000,72000000))))))) -> 58500000 | AS22: =IF((+AQ22-AR22)<=0,0,TRUNC((AQ22-AR22)/1000)*1000) -> 0 | AT22: =IF(AS22<=60000000,AS22*5%,IF(AS22<=250000000,3000000+((AS22-60000000)*15%),IF(AS22<=500000000,31500000+((AS22-250000000)*25%),IF(AND(AS22>=500000000,AS22<=5000000000),94000000+((AS22-500000000)*30%),IF(AS22>5000000000,(1444000000+(AS22-5000000000)*35%)))))) -> 0 | AU22: =+AT22/12 -> 0
A23: 15 | B23: SYARIF HIDAYATULLAH | C23: OP.PRINTER 2 | D23: K1 | E23: 3201070705940004 | F23: 16 | G23: 145452 | H23: 4594855 | I23: 100000 | J23: 100000 | O23: 0 | P23: 26559.855 | Q23: =+O23*P23 -> 0 | R23: =+N23+Q23 -> 0 | S23: 52000 | U23: 0 | V23: =+H23+I23+J23+K23+R23+S23+U23 -> 4846855 | W23: =+AL23*$W$7 -> 58038.811 | X23: =+AL23*$X$7 -> 97544.22 | Y23: =+AL23*$Y$7 -> 97544.22 | Z23: =+AM23*$Z$7 -> 195088.44 | AA23: =SUM(W23:Z23) -> 448215.69 | AB23: =+V23+AA23 -> 5295070.7 | AC23: =+AL23*$AC$7 -> 97544.22 | AD23: =+AL23*$AD$7 -> 48772.11 | AE23: =+AM23*$AE$7 -> 48772.11 | AG23: =SUM(AC23:AF23) -> 195088.44 | AH23: 0 | AI23: =+V23-AG23-AH23 -> 4651766.6 | AL23: 4877211 | AM23: 4877211 | AN23: =+V23+W23+Z23 -> 5099982.3 | AO23: =IF(AN23*0.05>500000,500000,AN23*0.05) -> 254999.11 | AP23: =+AN23-AO23-AC23-AD23 -> 4698666.8 | AQ23: =+AP23*$AQ$7 -> 56384002 | AR23: =IF(D23="TK",54000000,(IF(OR(D23="TK1",D23="K"),58500000,(IF(OR(D23="TK2",D23="K1"),63000000,(IF(OR(OR(D23="TK3",D23="TK4"),D23="K2"),67500000,72000000))))))) -> 63000000 | AS23: =IF((+AQ23-AR23)<=0,0,TRUNC((AQ23-AR23)/1000)*1000) -> 0 | AT23: =IF(AS23<=60000000,AS23*5%,IF(AS23<=250000000,3000000+((AS23-60000000)*15%),IF(AS23<=500000000,31500000+((AS23-250000000)*25%),IF(AND(AS23>=500000000,AS23<=5000000000),94000000+((AS23-500000000)*30%),IF(AS23>5000000000,(1444000000+(AS23-5000000000)*35%)))))) -> 0 | AU23: =+AT23/12 -> 0
A24: 16 | B24: SAMAH | C24: LEM B | D24: TK | E24: 3201326808020001 | F24: 30 | G24: 117481 | H24: 4394855 | I24: 0 | J24: 0 | O24: 0 | P24: 25403.786 | Q24: =+O24*P24 -> 0 | R24: =+N24+Q24 -> 0 | S24: 96000 | U24: 0 | V24: =+H24+I24+J24+K24+R24+S24+U24 -> 4490855 | W24: =+AL24*$W$7 -> 58038.811 | X24: =+AL24*$X$7 -> 97544.22 | Y24: =+AL24*$Y$7 -> 97544.22 | Z24: =+AM24*$Z$7 -> 195088.44 | AA24: =SUM(W24:Z24) -> 448215.69 | AB24: =+V24+AA24 -> 4939070.7 | AC24: =+AL24*$AC$7 -> 97544.22 | AD24: =+AL24*$AD$7 -> 48772.11 | AE24: =+AM24*$AE$7 -> 48772.11 | AG24: =SUM(AC24:AF24) -> 195088.44 | AH24: 0 | AI24: =+V24-AG24-AH24 -> 4295766.6 | AL24: 4877211 | AM24: 4877211 | AN24: =+V24+W24+Z24 -> 4743982.3 | AO24: =IF(AN24*0.05>500000,500000,AN24*0.05) -> 237199.11 | AP24: =+AN24-AO24-AC24-AD24 -> 4360466.8 | AQ24: =+AP24*$AQ$7 -> 52325602 | AR24: =IF(D24="TK",54000000,(IF(OR(D24="TK1",D24="K"),58500000,(IF(OR(D24="TK2",D24="K1"),63000000,(IF(OR(OR(D24="TK3",D24="TK4"),D24="K2"),67500000,72000000))))))) -> 54000000 | AS24: =IF((+AQ24-AR24)<=0,0,TRUNC((AQ24-AR24)/1000)*1000) -> 0 | AT24: =IF(AS24<=60000000,AS24*5%,IF(AS24<=250000000,3000000+((AS24-60000000)*15%),IF(AS24<=500000000,31500000+((AS24-250000000)*25%),IF(AND(AS24>=500000000,AS24<=5000000000),94000000+((AS24-500000000)*30%),IF(AS24>5000000000,(1444000000+(AS24-5000000000)*35%)))))) -> 0 | AU24: =+AT24/12 -> 0
A25: 17 | B25: DINI SULISTIANI | C25: KPL LEM | D25: TK | E25: 3201324804970002 | F25: 27 | G25: 117481 | H25: 4394855 | I25: 0 | J25: 0 | O25: 0 | P25: 25403.786 | Q25: =+O25*P25 -> 0 | R25: =+N25+Q25 -> 0 | S25: 84000 | U25: 0 | V25: =+H25+I25+J25+K25+R25+S25+U25 -> 4478855 | W25: =+AL25*$W$7 -> 58038.811 | X25: =+AL25*$X$7 -> 97544.22 | Y25: =+AL25*$Y$7 -> 97544.22 | Z25: =+AM25*$Z$7 -> 195088.44 | AA25: =SUM(W25:Z25) -> 448215.69 | AB25: =+V25+AA25 -> 4927070.7 | AC25: =+AL25*$AC$7 -> 97544.22 | AD25: =+AL25*$AD$7 -> 48772.11 | AE25: =+AM25*$AE$7 -> 48772.11 | AG25: =SUM(AC25:AF25) -> 195088.44 | AH25: 0 | AI25: =+V25-AG25-AH25 -> 4283766.6 | AL25: 4877211 | AM25: 4877211 | AN25: =+V25+W25+Z25 -> 4731982.3 | AO25: =IF(AN25*0.05>500000,500000,AN25*0.05) -> 236599.11 | AP25: =+AN25-AO25-AC25-AD25 -> 4349066.8 | AQ25: =+AP25*$AQ$7 -> 52188802 | AR25: =IF(D25="TK",54000000,(IF(OR(D25="TK1",D25="K"),58500000,(IF(OR(D25="TK2",D25="K1"),63000000,(IF(OR(OR(D25="TK3",D25="TK4"),D25="K2"),67500000,72000000))))))) -> 54000000 | AS25: =IF((+AQ25-AR25)<=0,0,TRUNC((AQ25-AR25)/1000)*1000) -> 0 | AT25: =IF(AS25<=60000000,AS25*5%,IF(AS25<=250000000,3000000+((AS25-60000000)*15%),IF(AS25<=500000000,31500000+((AS25-250000000)*25%),IF(AND(AS25>=500000000,AS25<=5000000000),94000000+((AS25-500000000)*30%),IF(AS25>5000000000,(1444000000+(AS25-5000000000)*35%)))))) -> 0 | AU25: =+AT25/12 -> 0
A26: 18 | B26: ANIS | C26: STICHING | D26: TK | E26: 3201325906900003 | F26: 27 | G26: 117481 | H26: 4394855 | I26: 0 | J26: 0 | O26: 0 | P26: 25403.786 | Q26: =+O26*P26 -> 0 | R26: =+N26+Q26 -> 0 | S26: 80000 | U26: 0 | V26: =+H26+I26+J26+K26+R26+S26+U26 -> 4474855 | W26: =+AL26*$W$7 -> 58038.811 | X26: =+AL26*$X$7 -> 97544.22 | Y26: =+AL26*$Y$7 -> 97544.22 | Z26: =+AM26*$Z$7 -> 195088.44 | AA26: =SUM(W26:Z26) -> 448215.69 | AB26: =+V26+AA26 -> 4923070.7 | AC26: =+AL26*$AC$7 -> 97544.22 | AD26: =+AL26*$AD$7 -> 48772.11 | AE26: =+AM26*$AE$7 -> 48772.11 | AG26: =SUM(AC26:AF26) -> 195088.44 | AH26: 0 | AI26: =+V26-AG26-AH26 -> 4279766.6 | AL26: 4877211 | AM26: 4877211 | AN26: =+V26+W26+Z26 -> 4727982.3 | AO26: =IF(AN26*0.05>500000,500000,AN26*0.05) -> 236399.11 | AP26: =+AN26-AO26-AC26-AD26 -> 4345266.8 | AQ26: =+AP26*$AQ$7 -> 52143202 | AR26: =IF(D26="TK",54000000,(IF(OR(D26="TK1",D26="K"),58500000,(IF(OR(D26="TK2",D26="K1"),63000000,(IF(OR(OR(D26="TK3",D26="TK4"),D26="K2"),67500000,72000000))))))) -> 54000000 | AS26: =IF((+AQ26-AR26)<=0,0,TRUNC((AQ26-AR26)/1000)*1000) -> 0 | AT26: =IF(AS26<=60000000,AS26*5%,IF(AS26<=250000000,3000000+((AS26-60000000)*15%),IF(AS26<=500000000,31500000+((AS26-250000000)*25%),IF(AND(AS26>=500000000,AS26<=5000000000),94000000+((AS26-500000000)*30%),IF(AS26>5000000000,(1444000000+(AS26-5000000000)*35%)))))) -> 0 | AU26: =+AT26/12 -> 0
A27: 19 | B27: YUNI YUNINGSIH | C27: STICHING | D27: TK | E27: 3201026505990011 | F27: 29 | G27: 117481 | H27: 4394855 | I27: 0 | J27: 0 | O27: 0 | P27: 25403.786 | Q27: =+O27*P27 -> 0 | R27: =+N27+Q27 -> 0 | S27: 88000 | U27: 0 | V27: =+H27+I27+J27+K27+R27+S27+U27 -> 4482855 | W27: =+AL27*$W$7 -> 58038.811 | X27: =+AL27*$X$7 -> 97544.22 | Y27: =+AL27*$Y$7 -> 97544.22 | Z27: =+AM27*$Z$7 -> 195088.44 | AA27: =SUM(W27:Z27) -> 448215.69 | AB27: =+V27+AA27 -> 4931070.7 | AC27: =+AL27*$AC$7 -> 97544.22 | AD27: =+AL27*$AD$7 -> 48772.11 | AE27: =+AM27*$AE$7 -> 48772.11 | AG27: =SUM(AC27:AF27) -> 195088.44 | AH27: 0 | AI27: =+V27-AG27-AH27 -> 4287766.6 | AL27: 4877211 | AM27: 4877211 | AN27: =+V27+W27+Z27 -> 4735982.3 | AO27: =IF(AN27*0.05>500000,500000,AN27*0.05) -> 236799.11 | AP27: =+AN27-AO27-AC27-AD27 -> 4352866.8 | AQ27: =+AP27*$AQ$7 -> 52234402 | AR27: =IF(D27="TK",54000000,(IF(OR(D27="TK1",D27="K"),58500000,(IF(OR(D27="TK2",D27="K1"),63000000,(IF(OR(OR(D27="TK3",D27="TK4"),D27="K2"),67500000,72000000))))))) -> 54000000 | AS27: =IF((+AQ27-AR27)<=0,0,TRUNC((AQ27-AR27)/1000)*1000) -> 0 | AT27: =IF(AS27<=60000000,AS27*5%,IF(AS27<=250000000,3000000+((AS27-60000000)*15%),IF(AS27<=500000000,31500000+((AS27-250000000)*25%),IF(AND(AS27>=500000000,AS27<=5000000000),94000000+((AS27-500000000)*30%),IF(AS27>5000000000,(1444000000+(AS27-5000000000)*35%)))))) -> 0 | AU27: =+AT27/12 -> 0
A28: 20 | B28: BADRUDIN | C28: DELIVERY | D28: K1 | E28: 3207082605910002 | F28: 24 | G28: 145452 | H28: 4594855 | I28: 0 | J28: 0 | O28: 48.5 | P28: 26559.855 | Q28: =+O28*P28 -> 1288153 | R28: =+N28+Q28 -> 1288153 | S28: 76000 | U28: 0 | V28: =+H28+I28+J28+K28+R28+S28+U28 -> 5959008 | W28: =+AL28*$W$7 -> 58038.811 | X28: =+AL28*$X$7 -> 97544.22 | Y28: =+AL28*$Y$7 -> 97544.22 | Z28: =+AM28*$Z$7 -> 195088.44 | AA28: =SUM(W28:Z28) -> 448215.69 | AB28: =+V28+AA28 -> 6407223.7 | AC28: =+AL28*$AC$7 -> 97544.22 | AD28: =+AL28*$AD$7 -> 48772.11 | AE28: =+AM28*$AE$7 -> 48772.11 | AG28: =SUM(AC28:AF28) -> 195088.44 | AH28: 15530 | AI28: =+V28-AG28-AH28 -> 5748389.6 | AL28: 4877211 | AM28: 4877211 | AN28: =+V28+W28+Z28 -> 6212135.2 | AO28: =IF(AN28*0.05>500000,500000,AN28*0.05) -> 310606.76 | AP28: =+AN28-AO28-AC28-AD28 -> 5755212.2 | AQ28: =+AP28*$AQ$7 -> 69062546 | AR28: =IF(D28="TK",54000000,(IF(OR(D28="TK1",D28="K"),58500000,(IF(OR(D28="TK2",D28="K1"),63000000,(IF(OR(OR(D28="TK3",D28="TK4"),D28="K2"),67500000,72000000))))))) -> 63000000 | AS28: =IF((+AQ28-AR28)<=0,0,TRUNC((AQ28-AR28)/1000)*1000) -> 6062000 | AT28: =IF(AS28<=60000000,AS28*5%,IF(AS28<=250000000,3000000+((AS28-60000000)*15%),IF(AS28<=500000000,31500000+((AS28-250000000)*25%),IF(AND(AS28>=500000000,AS28<=5000000000),94000000+((AS28-500000000)*30%),IF(AS28>5000000000,(1444000000+(AS28-5000000000)*35%)))))) -> 303100 | AU28: =+AT28/12 -> 25258.333
... A36: 28 | B36: AHMAD GHOZALI | C36: OP. PRINTER 3 | D36: TK | E36: 3201071911950006 | F36: 16 | G36: 139858 | H36: 4494855 | I36: 100000 | J36: 100000 | O36: 0 | P36: 25981.821 | Q36: =+O36*P36 -> 0 | R36: =+N36+Q36 -> 0 | S36: 52000 | U36: 0 | V36: =+H36+I36+J36+K36+R36+S36+U36 -> 4746855 | W36: =+AL36*$W$7 -> 58038.811 | X36: =+AL36*$X$7 -> 97544.22 | Y36: =+AL36*$Y$7 -> 97544.22 | Z36: =+AM36*$Z$7 -> 195088.44 | AA36: =SUM(W36:Z36) -> 448215.69 | AB36: =+V36+AA36 -> 5195070.7 | AC36: =+AL36*$AC$7 -> 97544.22 | AD36: =+AL36*$AD$7 -> 48772.11 | AE36: =+AM36*$AE$7 -> 48772.11 | AG36: =SUM(AC36:AF36) -> 195088.44 | AH36: 0 | AI36: =+V36-AG36-AH36 -> 4551766.6 | AL36: 4877211 | AM36: 4877211 | AN36: =+V36+W36+Z36 -> 4999982.3 | AO36: =IF(AN36*0.05>500000,500000,AN36*0.05) -> 249999.11 | AP36: =+AN36-AO36-AC36-AD36 -> 4603666.8 | AQ36: =+AP36*$AQ$7 -> 55244002 | AR36: =IF(D36="TK",54000000,(IF(OR(D36="TK1",D36="K"),58500000,(IF(OR(D36="TK2",D36="K1"),63000000,(IF(OR(OR(D36="TK3",D36="TK4"),D36="K2"),67500000,72000000))))))) -> 54000000 | AS36: =IF((+AQ36-AR36)<=0,0,TRUNC((AQ36-AR36)/1000)*1000) -> 1244000 | AT36: =IF(AS36<=60000000,AS36*5%,IF(AS36<=250000000,3000000+((AS36-60000000)*15%),IF(AS36<=500000000,31500000+((AS36-250000000)*25%),IF(AND(AS36>=500000000,AS36<=5000000000),94000000+((AS36-500000000)*30%),IF(AS36>5000000000,(1444000000+(AS36-5000000000)*35%)))))) -> 62200 | AU36: =+AT36/12 -> 5183.3333
A37: 29 | B37: MOCHAMAD ZAKARIA | C37: OP. PRINTER 3 | D37: K1 | E37: 3201022001950006 | F37: 29 | G37: 137061 | H37: 4494855 | I37: 100000 | J37: 100000 | O37: 0 | P37: 25981.821 | Q37: =+O37*P37 -> 0 | R37: =+N37+Q37 -> 0 | S37: 96000 | U37: 0 | V37: =+H37+I37+J37+K37+R37+S37+U37 -> 4790855 | W37: =+AL37*$W$7 -> 58038.811 | X37: =+AL37*$X$7 -> 97544.22 | Y37: =+AL37*$Y$7 -> 97544.22 | Z37: =+AM37*$Z$7 -> 195088.44 | AA37: =SUM(W37:Z37) -> 448215.69 | AB37: =+V37+AA37 -> 5239070.7 | AC37: =+AL37*$AC$7 -> 97544.22 | AD37: =+AL37*$AD$7 -> 48772.11 | AE37: =+AM37*$AE$7 -> 48772.11 | AF37: 48772.11 | AG37: =SUM(AC37:AF37) -> 243860.55 | AH37: 0 | AI37: =+V37-AG37-AH37 -> 4546994.5 | AL37: 4877211 | AM37: 4877211 | AN37: =+V37+W37+Z37 -> 5043982.3 | AO37: =IF(AN37*0.05>500000,500000,AN37*0.05) -> 252199.11 | AP37: =+AN37-AO37-AC37-AD37 -> 4645466.8 | AQ37: =+AP37*$AQ$7 -> 55745602 | AR37: =IF(D37="TK",54000000,(IF(OR(D37="TK1",D37="K"),58500000,(IF(OR(D37="TK2",D37="K1"),63000000,(IF(OR(OR(D37="TK3",D37="TK4"),D37="K2"),67500000,72000000))))))) -> 63000000 | AS37: =IF((+AQ37-AR37)<=0,0,TRUNC((AQ37-AR37)/1000)*1000) -> 0 | AT37: =IF(AS37<=60000000,AS37*5%,IF(AS37<=250000000,3000000+((AS37-60000000)*15%),IF(AS37<=500000000,31500000+((AS37-250000000)*25%),IF(AND(AS37>=500000000,AS37<=5000000000),94000000+((AS37-500000000)*30%),IF(AS37>5000000000,(1444000000+(AS37-5000000000)*35%)))))) -> 0 | AU37: =+AT37/12 -> 0
A38: 30 | B38: SANDI SAPUTRA | C38: OP. PRINTER 4 | D38: TK | E38: 3201071205950003 | F38: 29 | G38: 137061 | H38: 4494855 | I38: 100000 | J38: 100000 | O38: 0 | P38: 25981.821 | Q38: =+O38*P38 -> 0 | R38: =+N38+Q38 -> 0 | S38: 96000 | U38: 0 | V38: =+H38+I38+J38+K38+R38+S38+U38 -> 4790855 | W38: =+AL38*$W$7 -> 58038.811 | X38: =+AL38*$X$7 -> 97544.22 | Y38: =+AL38*$Y$7 -> 97544.22 | Z38: =+AM38*$Z$7 -> 195088.44 | AA38: =SUM(W38:Z38) -> 448215.69 | AB38: =+V38+AA38 -> 5239070.7 | AC38: =+AL38*$AC$7 -> 97544.22 | AD38: =+AL38*$AD$7 -> 48772.11 | AE38: =+AM38*$AE$7 -> 48772.11 | AF38: =48772+48772-48772 -> 48772 | AG38: =SUM(AC38:AF38) -> 243860.44 | AH38: 0 | AI38: =+V38-AG38-AH38 -> 4546994.6 | AL38: 4877211 | AM38: 4877211 | AN38: =+V38+W38+Z38 -> 5043982.3 | AO38: =IF(AN38*0.05>500000,500000,AN38*0.05) -> 252199.11 | AP38: =+AN38-AO38-AC38-AD38 -> 4645466.8 | AQ38: =+AP38*$AQ$7 -> 55745602 | AR38: =IF(D38="TK",54000000,(IF(OR(D38="TK1",D38="K"),58500000,(IF(OR(D38="TK2",D38="K1"),63000000,(IF(OR(OR(D38="TK3",D38="TK4"),D38="K2"),67500000,72000000))))))) -> 54000000 | AS38: =IF((+AQ38-AR38)<=0,0,TRUNC((AQ38-AR38)/1000)*1000) -> 1745000 | AT38: =IF(AS38<=60000000,AS38*5%,IF(AS38<=250000000,3000000+((AS38-60000000)*15%),IF(AS38<=500000000,31500000+((AS38-250000000)*25%),IF(AND(AS38>=500000000,AS38<=5000000000),94000000+((AS38-500000000)*30%),IF(AS38>5000000000,(1444000000+(AS38-5000000000)*35%)))))) -> 87250 | AU38: =+AT38/12 -> 7270.8333
A39: 31 | B39: SUKRONI | C39: OP. PRINTER 1 | D39: TK | E39: 3602200603970001 | F39: 30 | G39: 137061 | H39: 4494855 | I39: 100000 | J39: 100000 | O39: 0 | P39: 25981.821 | Q39: =+O39*P39 -> 0 | R39: =+N39+Q39 -> 0 | S39: 100000 | U39: 0 | V39: =+H39+I39+J39+K39+R39+S39+U39 -> 4794855 | W39: =+AL39*$W$7 -> 58038.811 | X39: =+AL39*$X$7 -> 97544.22 | Y39: =+AL39*$Y$7 -> 97544.22 | Z39: =+AM39*$Z$7 -> 195088.44 | AA39: =SUM(W39:Z39) -> 448215.69 | AB39: =+V39+AA39 -> 5243070.7 | AC39: =+AL39*$AC$7 -> 97544.22 | AD39: =+AL39*$AD$7 -> 48772.11 | AE39: =+AM39*$AE$7 -> 48772.11 | AG39: =SUM(AC39:AF39) -> 195088.44 | AH39: 0 | AI39: =+V39-AG39-AH39 -> 4599766.6 | AL39: 4877211 | AM39: 4877211 | AN39: =+V39+W39+Z39 -> 5047982.3 | AO39: =IF(AN39*0.05>500000,500000,AN39*0.05) -> 252399.11 | AP39: =+AN39-AO39-AC39-AD39 -> 4649266.8 | AQ39: =+AP39*$AQ$7 -> 55791202 | AR39: =IF(D39="TK",54000000,(IF(OR(D39="TK1",D39="K"),58500000,(IF(OR(D39="TK2",D39="K1"),63000000,(IF(OR(OR(D39="TK3",D39="TK4"),D39="K2"),67500000,72000000))))))) -> 54000000 | AS39: =IF((+AQ39-AR39)<=0,0,TRUNC((AQ39-AR39)/1000)*1000) -> 1791000 | AT39: =IF(AS39<=60000000,AS39*5%,IF(AS39<=250000000,3000000+((AS39-60000000)*15%),IF(AS39<=500000000,31500000+((AS39-250000000)*25%),IF(AND(AS39>=500000000,AS39<=5000000000),94000000+((AS39-500000000)*30%),IF(AS39>5000000000,(1444000000+(AS39-5000000000)*35%)))))) -> 89550 | AU39: =+AT39/12 -> 7462.5
A40: 32 | B40: MULYADI | C40: OP. SLITER 2 | D40: K1 | E40: 3201022308970003 | F40: 30 | G40: 137061 | H40: 4494855 | I40: 0 | J40: 0 | O40: 0 | P40: 25981.821 | Q40: =+O40*P40 -> 0 | R40: =+N40+Q40 -> 0 | S40: 100000 | U40: 0 | V40: =+H40+I40+J40+K40+R40+S40+U40 -> 4594855 | W40: =+AL40*$W$7 -> 58038.811 | X40: =+AL40*$X$7 -> 97544.22 | Y40: =+AL40*$Y$7 -> 97544.22 | Z40: =+AM40*$Z$7 -> 195088.44 | AA40: =SUM(W40:Z40) -> 448215.69 | AB40: =+V40+AA40 -> 5043070.7 | AC40: =+AL40*$AC$7 -> 97544.22 | AD40: =+AL40*$AD$7 -> 48772.11 | AE40: =+AM40*$AE$7 -> 48772.11 | AG40: =SUM(AC40:AF40) -> 195088.44 | AH40: 0 | AI40: =+V40-AG40-AH40 -> 4399766.6 | AL40: 4877211 | AM40: 4877211 | AN40: =+V40+W40+Z40 -> 4847982.3 | AO40: =IF(AN40*0.05>500000,500000,AN40*0.05) -> 242399.11 | AP40: =+AN40-AO40-AC40-AD40 -> 4459266.8 | AQ40: =+AP40*$AQ$7 -> 53511202 | AR40: =IF(D40="TK",54000000,(IF(OR(D40="TK1",D40="K"),58500000,(IF(OR(D40="TK2",D40="K1"),63000000,(IF(OR(OR(D40="TK3",D40="TK4"),D40="K2"),67500000,72000000))))))) -> 63000000 | AS40: =IF((+AQ40-AR40)<=0,0,TRUNC((AQ40-AR40)/1000)*1000) -> 0 | AT40: =IF(AS40<=60000000,AS40*5%,IF(AS40<=250000000,3000000+((AS40-60000000)*15%),IF(AS40<=500000000,31500000+((AS40-250000000)*25%),IF(AND(AS40>=500000000,AS40<=5000000000),94000000+((AS40-500000000)*30%),IF(AS40>5000000000,(1444000000+(AS40-5000000000)*35%)))))) -> 0 | AU40: =+AT40/12 -> 0
A41: 33 | B41: MUHAMAD ZAKARIA TRI PRATAMA | C41: PRINTER 2 | D41: TK | E41: 3201131405990001 | F41: 28 | G41: 137061 | H41: 4494855 | I41: 0 | J41: 0 | O41: 0 | P41: 25981.821 | Q41: =+O41*P41 -> 0 | R41: =+N41+Q41 -> 0 | S41: 88000 | U41: 0 | V41: =+H41+I41+J41+K41+R41+S41+U41 -> 4582855 | W41: =+AL41*$W$7 -> 58038.811 | X41: =+AL41*$X$7 -> 97544.22 | Y41: =+AL41*$Y$7 -> 97544.22 | Z41: =+AM41*$Z$7 -> 195088.44 | AA41: =SUM(W41:Z41) -> 448215.69 | AB41: =+V41+AA41 -> 5031070.7 | AC41: =+AL41*$AC$7 -> 97544.22 | AD41: =+AL41*$AD$7 -> 48772.11 | AE41: =+AM41*$AE$7 -> 48772.11 | AF41: =48772+48772-48772 -> 48772 | AG41: =SUM(AC41:AF41) -> 243860.44 | AH41: 0 | AI41: =+V41-AG41-AH41 -> 4338994.6 | AL41: 4877211 | AM41: 4877211 | AN41: =+V41+W41+Z41 -> 4835982.3 | AO41: =IF(AN41*0.05>500000,500000,AN41*0.05) -> 241799.11 | AP41: =+AN41-AO41-AC41-AD41 -> 4447866.8 | AQ41: =+AP41*$AQ$7 -> 53374402 | AR41: =IF(D41="TK",54000000,(IF(OR(D41="TK1",D41="K"),58500000,(IF(OR(D41="TK2",D41="K1"),63000000,(IF(OR(OR(D41="TK3",D41="TK4"),D41="K2"),67500000,72000000))))))) -> 54000000 | AS41: =IF((+AQ41-AR41)<=0,0,TRUNC((AQ41-AR41)/1000)*1000) -> 0 | AT41: =IF(AS41<=60000000,AS41*5%,IF(AS41<=250000000,3000000+((AS41-60000000)*15%),IF(AS41<=500000000,31500000+((AS41-250000000)*25%),IF(AND(AS41>=500000000,AS41<=5000000000),94000000+((AS41-500000000)*30%),IF(AS41>5000000000,(1444000000+(AS41-5000000000)*35%)))))) -> 0 | AU41: =+AT41/12 -> 0
A42: 34 | B42: ABDUL ROCHMAN RAFLI | C42: SLITER | D42: TK | E42: 3201022108010001 | F42: 30 | G42: 137061 | H42: 4494855 | I42: 0 | J42: 0 | O42: 9.5 | P42: 25981.821 | Q42: =+O42*P42 -> 246827.3 | R42: =+N42+Q42 -> 246827.3 | S42: 100000 | U42: 0 | V42: =+H42+I42+J42+K42+R42+S42+U42 -> 4841682.3 | W42: =+AL42*$W$7 -> 58038.811 | X42: =+AL42*$X$7 -> 97544.22 | Y42: =+AL42*$Y$7 -> 97544.22 | Z42: =+AM42*$Z$7 -> 195088.44 | AA42: =SUM(W42:Z42) -> 448215.69 | AB42: =+V42+AA42 -> 5289898 | AC42: =+AL42*$AC$7 -> 97544.22 | AD42: =+AL42*$AD$7 -> 48772.11 | AE42: =+AM42*$AE$7 -> 48772.11 | AF42: 48772 | AG42: =SUM(AC42:AF42) -> 243860.44 | AH42: 0 | AI42: =+V42-AG42-AH42 -> 4597821.9 | AL42: 4877211 | AM42: 4877211 | AN42: =+V42+W42+Z42 -> 5094809.5 | AO42: =IF(AN42*0.05>500000,500000,AN42*0.05) -> 254740.48 | AP42: =+AN42-AO42-AC42-AD42 -> 4693752.7 | AQ42: =+AP42*$AQ$7 -> 56325033 | AR42: =IF(D42="TK",54000000,(IF(OR(D42="TK1",D42="K"),58500000,(IF(OR(D42="TK2",D42="K1"),63000000,(IF(OR(OR(D42="TK3",D42="TK4"),D42="K2"),67500000,72000000))))))) -> 54000000 | AS42: =IF((+AQ42-AR42)<=0,0,TRUNC((AQ42-AR42)/1000)*1000) -> 2325000 | AT42: =IF(AS42<=60000000,AS42*5%,IF(AS42<=250000000,3000000+((AS42-60000000)*15%),IF(AS42<=500000000,31500000+((AS42-250000000)*25%),IF(AND(AS42>=500000000,AS42<=5000000000),94000000+((AS42-500000000)*30%),IF(AS42>5000000000,(1444000000+(AS42-5000000000)*35%)))))) -> 116250 | AU42: =+AT42/12 -> 9687.5
A43: 35 | B43: MUHAMMAD SUGALIH | C43: PRINTER 4 | D43: TK | E43: 3201020811000011 | F43: 24 | G43: 137061 | H43: 4494855 | I43: 0 | J43: 0 | O43: 33 | P43: 25981.821 | Q43: =+O43*P43 -> 857400.09 | R43: =+N43+Q43 -> 857400.09 | S43: 76000 | U43: 0 | V43: =+H43+I43+J43+K43+R43+S43+U43 -> 5428255.1 | W43: =+AL43*$W$7 -> 58038.811 | X43: =+AL43*$X$7 -> 97544.22 | Y43: =+AL43*$Y$7 -> 97544.22 | Z43: =+AM43*$Z$7 -> 195088.44 | AA43: =SUM(W43:Z43) -> 448215.69 | AB43: =+V43+AA43 -> 5876470.8 | AC43: =+AL43*$AC$7 -> 97544.22 | AD43: =+AL43*$AD$7 -> 48772.11 | AE43: =+AM43*$AE$7 -> 48772.11 | AG43: =SUM(AC43:AF43) -> 195088.44 | AH43: 28407 | AI43: =+V43-AG43-AH43 -> 5204759.6 | AL43: 4877211 | AM43: 4877211 | AN43: =+V43+W43+Z43 -> 5681382.3 | AO43: =IF(AN43*0.05>500000,500000,AN43*0.05) -> 284069.12 | AP43: =+AN43-AO43-AC43-AD43 -> 5250996.9 | AQ43: =+AP43*$AQ$7 -> 63011963 | AR43: =IF(D43="TK",54000000,(IF(OR(D43="TK1",D43="K"),58500000,(IF(OR(D43="TK2",D43="K1"),63000000,(IF(OR(OR(D43="TK3",D43="TK4"),D43="K2"),67500000,72000000))))))) -> 54000000 | AS43: =IF((+AQ43-AR43)<=0,0,TRUNC((AQ43-AR43)/1000)*1000) -> 9011000 | AT43: =IF(AS43<=60000000,AS43*5%,IF(AS43<=250000000,3000000+((AS43-60000000)*15%),IF(AS43<=500000000,31500000+((AS43-250000000)*25%),IF(AND(AS43>=500000000,AS43<=5000000000),94000000+((AS43-500000000)*30%),IF(AS43>5000000000,(1444000000+(AS43-5000000000)*35%)))))) -> 450550 | AU43: =+AT43/12 -> 37545.833
A45: SUB TOTAL | F45: =SUM(F8:F44) -> 918 | H45: =SUM(H8:H44) -> 158719925 | I45: =SUM(I8:I44) -> 1800000 | J45: =SUM(J8:J44) -> 1850000 | K45: =SUM(K8:K44) -> 0 | L45: =SUM(L8:L44) -> 0 | O45: =SUM(O9:O44) -> 190.5 | R45: =SUM(R8:R44) -> 5035086 | S45: =SUM(S8:S44) -> 2968000 | T45: =SUM(T8:T44) -> 0 | U45: =SUM(U8:U44) -> 0 | V45: =SUM(V8:V44) -> 1.7037301e+08 | W45: =SUM(W8:W44) -> 2031358.4 | X45: =SUM(X8:X44) -> 3414047.7 | Y45: =SUM(Y8:Y44) -> 3414047.7 | ... AI45: =SUM(AI8:AI44) -> 1.6325712e+08 | AN45: =SUM(AN9:AN44) -> 1.7923246e+08 | AP45: =SUM(AP9:AP44) -> 1.6514977e+08
W46: =+W45+X45+Y45+AC45+AD45 -> 13980525 | Z46: =+Z45+AE45+AF45 -> 8778979.5
S49: =25*4000 -> 100000

Sheet SLIP-PRODUKSI 1
B4: SLIP GAJI | L4: SLIP GAJI
B5: No. Urut | C5: : | D5: ='[2]G-STAFF'!A35 -> 1 | L5: No. Urut | M5: : | N5: ='[2]G-STAFF'!A36 -> 2
B6: Periode | C6: : | D6: ='[2]G-STAFF'!A3 -> 01 JANUARI S/D 31 JANUARI 2025 | L6: Periode | M6: : | N6: ='[2]G-STAFF'!A3 -> 01 JANUARI S/D 31 JANUARI 2025
B7: Nama Karyawan | C7: : | D7: =+'PRODUKSI 1'!B9 -> ENANG BIN LAMIN | L7: Nama Karyawan | M7: : | N7: =+'PRODUKSI 1'!B10 -> HERMAN
B8: Bagian / Jabatan | C8: : | D8: =+'PRODUKSI 1'!C9 -> MOUNTING | L8: Bagian / Jabatan | M8: : | N8: =+'PRODUKSI 1'!C10 -> DELIVERY
B10: PENERIMAAN | L10: PENERIMAAN
B11: GAJI POKOK | H11: =+'PRODUKSI 1'!H9 -> 4594855 | L11: GAJI POKOK | R11: =+'PRODUKSI 1'!H10 -> 4594855
B12: TUNJANGAN JABATAN | H12: =+'PRODUKSI 1'!I9 -> 100000 | L12: TUNJANGAN JABATAN | R12: =+'PRODUKSI 1'!I10 -> 0
B13: TUNJANGAN PRESTASI | H13: =+'PRODUKSI 1'!J9 -> 100000 | L13: TUNJANGAN PRESTASI | R13: =+'PRODUKSI 1'!J10 -> 0
B14: TUNJANGAN INSENTIF | H14: =+'PRODUKSI 1'!K9 -> 0 | L14: TUNJANGAN INSENTIF | R14: =+'PRODUKSI 1'!K9 -> 0
B15: TUNJANGAN BPJS | H15: =+'PRODUKSI 1'!AA9 -> 448215.69 | L15: TUNJANGAN BPJS | R15: =+'PRODUKSI 1'!AA10 -> 448215.69
B16: UANG MAKAN | H16: =+'PRODUKSI 1'!S9 -> 100000 | L16: UANG MAKAN | R16: =+'PRODUKSI 1'!S10 -> 60000
B17: LEMBUR | L17: LEMBUR
B18: HL/HM/HR | D18: ='[2]G-STAFF'!CH35 -> 0 | E18: JAM | F18: X | G18: 25223 | H18: =G18*D18 -> 0 | L18: HL/HM/HR | N18: 40 | O18: JAM | P18: X | Q18: 25223 | R18: =Q18*N18 -> 1008920
B19: H.BIASA | D19: ='[2]G-STAFF'!CG35 -> 0 | E19: JAM | F19: X | G19: =G18 -> 25223 | H19: =G19*D19 -> 0 | L19: H.BIASA | N19: ='[2]G-STAFF'!CG36 -> 0 | O19: JAM | P19: X | Q19: =Q18 -> 25223 | R19: =Q19*N19 -> 0
B20: TOTAL | D20: ='[2]G-STAFF'!CI35 -> 0 | H20: =SUM(H11:H19) -> 5343070.7 | L20: TOTAL | N20: ='[2]G-STAFF'!CI36 -> 0 | R20: =SUM(R11:R19) -> 6111990.7
B21: POTONGAN | L21: POTONGAN
B22: PPH 21 | G22: =+'PRODUKSI 1'!D9 -> K2 | H22: =+'PRODUKSI 1'!AH9 -> 0 | L22: PPH 21 | Q22: =+'PRODUKSI 1'!D10 -> K2 | R22: =+'PRODUKSI 1'!AH10 -> 0
B23: BPJS KES 1% | H23: =+'PRODUKSI 1'!AE9+'PRODUKSI 1'!AF9 -> 48772.11 | L23: BPJS KES 1% | R23: =+'PRODUKSI 1'!AE10+'PRODUKSI 1'!AF10 -> 48772.11
B24: BPJS TK 3% | H24: =+'PRODUKSI 1'!AC9+'PRODUKSI 1'!AD9 -> 146316.33 | L24: BPJS TK 3% | R24: =+'PRODUKSI 1'!AC10+'PRODUKSI 1'!AD10 -> 146316.33
B25: BPJS DITANGGUNG PERUSAHAAN | H25: =+H15 -> 448215.69 | L25: BPJS DITANGGUNG PERUSAHAAN | R25: =+R15 -> 448215.69
B26: TOTAL POTONGAN | H26: =SUM(H22:H25) -> 643304.13 | L26: TOTAL POTONGAN | R26: =SUM(R22:R25) -> 643304.13
B27: TOTAL GAJI | H27: =H20-H26 -> 4699766.6 | L27: TOTAL GAJI | R27: =SUM(R20-R26) -> 5468686.6
B28: KAS SHIFT SANAN | H28: ='[2]Urutan Nm'!H68 -> 10000 | L28: KAS NON SHIFT | R28: ='[2]Urutan Nm'!H69 -> 10000
B30: TOTAL GAJI DITERIMA | H30: =SUM(H27-H28) -> 4689766.6 | L30: TOTAL GAJI DITERIMA | R30: =SUM(R27-R28) -> 5458686.6
B31: DIBUAT | G31: DITERIMA | L31: DIBUAT | Q31: DITERIMA
B34: (__________________) | G34: (________________) | L34: (__________________) | Q34: (________________)
B40: SLIP GAJI | L40: SLIP GAJI
B41: No. Urut | C41: : | D41: ='[2]G-STAFF'!A37 -> 3 | L41: No. Urut | M41: : | N41: ='[2]G-STAFF'!A38 -> 4
B42: Periode | C42: : | D42: ='[2]G-STAFF'!A3 -> 01 JANUARI S/D 31 JANUARI 2025 | L42: Periode | M42: : | N42: ='[2]G-STAFF'!A3 -> 01 JANUARI S/D 31 JANUARI 2025
B43: Nama Karyawan | C43: : | D43: =+'PRODUKSI 1'!B11 -> UJANG SUHADA | L43: Nama Karyawan | M43: : | N43: =+'PRODUKSI 1'!B12 -> UCI SUPRIYATNA
B44: Bagian / Jabatan | C44: : | D44: =+'PRODUKSI 1'!C11 -> WONDAN | L44: Bagian / Jabatan | M44: : | N44: =+'PRODUKSI 1'!C12 -> OP THOMSON
B46: PENERIMAAN | L46: PENERIMAAN
B47: GAJI POKOK | H47: =+'PRODUKSI 1'!H11 -> 4594855 | L47: GAJI POKOK | R47: =+'PRODUKSI 1'!H12 -> 4594855
B48: TUNJANGAN JABATAN | H48: =+'PRODUKSI 1'!I11 -> 0 | L48: TUNJANGAN JABATAN | R48: =+'PRODUKSI 1'!I12 -> 0
B49: TUNJANGAN PRESTASI | H49: =+'PRODUKSI 1'!J11 -> 0 | L49: TUNJANGAN PRESTASI | R49: =+'PRODUKSI 1'!J12 -> 0
B50: TUNJANGAN INSENTIF | H50: =+'PRODUKSI 1'!K11 -> 0 | L50: TUNJANGAN INSENTIF | R50: =+'PRODUKSI 1'!K12 -> 0
B51: TUNJANGAN BPJS | H51: =+'PRODUKSI 1'!AA11 -> 448215.69 | L51: TUNJANGAN BPJS | R51: =+'PRODUKSI 1'!AA12 -> 448215.69
B52: UANG MAKAN | H52: =+'PRODUKSI 1'!S11 -> 96000 | L52: UANG MAKAN | R52: =+'PRODUKSI 1'!S12 -> 92000
B53: LEMBUR | L53: LEMBUR
B54: HL/HM/HR | D54: ='[2]G-STAFF'!CH37 -> 0 | E54: JAM | F54: X | G54: 25223 | H54: =G54*D54 -> 0 | L54: HL/HM/HR | N54: ='[2]G-STAFF'!CH38 -> 0 | O54: JAM | P54: X | Q54: 25223 | R54: =Q54*N54 -> 0
B55: H.BIASA | D55: ='[2]G-STAFF'!CG37 -> 0 | E55: JAM | F55: X | G55: =G54 -> 25223 | H55: =G55*D55 -> 0 | L55: H.BIASA | N55: 10 | O55: JAM | P55: X | Q55: =Q54 -> 25223 | R55: =Q55*N55 -> 252230
B56: TOTAL | D56: ='[2]G-STAFF'!CI37 -> 0 | H56: =SUM(H47:H55) -> 5139070.7 | L56: TOTAL | N56: ='[2]G-STAFF'!CI38 -> 0 | R56: =SUM(R47:R55) -> 5387300.7
B57: POTONGAN | L57: POTONGAN
B58: PPH 21 | G58: =+'PRODUKSI 1'!D11 -> K1 | H58: =+'PRODUKSI 1'!AH11 -> 0 | L58: PPH 21 | Q58: =+'PRODUKSI 1'!D12 -> K3 | R58: =+'PRODUKSI 1'!AH12 -> 0
B59: BPJS KES 1% | H59: =+'PRODUKSI 1'!AE11+'PRODUKSI 1'!AF11 -> 48772.11 | L59: BPJS KES 1% | R59: =+'PRODUKSI 1'!AE12+'PRODUKSI 1'!AF12 -> 48772.11
B60: BPJS TK 3% | H60: =+'PRODUKSI 1'!AC11+'PRODUKSI 1'!AD11 -> 146316.33 | L60: BPJS TK 3% | R60: =+'PRODUKSI 1'!AC12+'PRODUKSI 1'!AD12 -> 146316.33
B61: BPJS DITANGGUNG PERUSAHAAN | H61: =+H51 -> 448215.69 | L61: BPJS DITANGGUNG PERUSAHAAN | R61: =+R51 -> 448215.69
B62: TOTAL POTONGAN | H62: =SUM(H58:H61) -> 643304.13 | L62: TOTAL POTONGAN | R62: =SUM(R58:R61) -> 643304.13
B63: TOTAL GAJI | H63: =SUM(H56-H62) -> 4495766.6 | L63: TOTAL GAJI | R63: =SUM(R56-R62) -> 4743996.6
B64: KAS SHIFT SANAN | H64: ='[2]Urutan Nm'!H70 -> 10000 | L64: KAS SHIFT INDRA | R64: ='[2]Urutan Nm'!H71 -> 10000
B66: TOTAL GAJI DITERIMA | H66: =SUM(H63-H64) -> 4485766.6 | L66: TOTAL GAJI DITERIMA | R66: =SUM(R63-R64) -> 4733996.6
B67: DIBUAT | G67: DITERIMA | L67: DIBUAT | Q67: DITERIMA
B70: (__________________) | G70: (________________) | L70: (__________________) | Q70: (________________)
B77: SLIP GAJI | L77: SLIP GAJI
B78: No. Urut | C78: : | D78: ='[2]G-STAFF'!A39 -> 5 | L78: No. Urut | M78: : | N78: 6
B79: Periode | C79: : | D79: ='[2]G-STAFF'!A3 -> 01 JANUARI S/D 31 JANUARI 2025 | L79: Periode | M79: : | N79: 01 JANUARI S/D 31 JANUARI 2025
B80: Nama Karyawan | C80: : | D80: =+'PRODUKSI 1'!B13 -> ADE ANSORI | L80: Nama Karyawan | M80: : | N80: =+'PRODUKSI 1'!B14 -> SOLEH
B81: Bagian / Jabatan | C81: : | D81: =+'PRODUKSI 1'!C13 -> DELIVERY | L81: Bagian / Jabatan | M81: : | N81: =+'PRODUKSI 1'!C14 -> OP. PARTISI
B83: PENERIMAAN | L83: PENERIMAAN
B84: GAJI POKOK | H84: =+'PRODUKSI 1'!H13 -> 4594855 | L84: GAJI POKOK | R84: =+'PRODUKSI 1'!H14 -> 4594855
B85: TUNJANGAN JABATAN | H85: =+'PRODUKSI 1'!I13 -> 0 | L85: TUNJANGAN JABATAN | R85: =+'PRODUKSI 1'!I14 -> 80000
B86: TUNJANGAN PRESTASI | H86: =+'PRODUKSI 1'!J13 -> 0 | L86: TUNJANGAN PRESTASI | R86: =+'PRODUKSI 1'!J14 -> 80000
B87: TUNJANGAN INSENTIF | H87: =+'PRODUKSI 1'!K13 -> 0 | L87: TUNJANGAN INSENTIF | R87: =+'PRODUKSI 1'!K14 -> 0
B88: TUNJANGAN BPJS | H88: =+'PRODUKSI 1'!AA13 -> 448215.69 | L88: TUNJANGAN BPJS | R88: =+'PRODUKSI 1'!AA14 -> 448215.69
B89: UANG MAKAN | H89: =+'PRODUKSI 1'!S13 -> 72000 | L89: UANG MAKAN | R89: =+'PRODUKSI 1'!S14 -> 52000
B90: LEMBUR | L90: LEMBUR
B91: HL/HM/HR | D91: ='[2]G-STAFF'!CH39 -> 0 | E91: JAM | F91: X | G91: 25223 | H91: =G91*D91 -> 0 | L91: HL/HM/HR | N91: 0 | O91: JAM | P91: X | Q91: 25223 | R91: =Q91*N91 -> 0
B92: H.BIASA | D92: 37.5 | E92: JAM | F92: X | G92: =G91 -> 25223 | H92: =G92*D92 -> 945862.5 | L92: H.BIASA | N92: 0 | O92: JAM | P92: X | Q92: =Q91 -> 25223 | R92: 0
B93: TOTAL | D93: ='[2]G-STAFF'!CI39 -> 0 | H93: =SUM(H84:H92) -> 6060933.2 | L93: TOTAL | N93: =SUM(N91:N92) -> 0 | R93: =SUM(R84:R92) -> 5255070.7
B94: POTONGAN | L94: POTONGAN
B95: PPH 21 | G95: ='[2]G-STAFF'!C39 -> K1 | H95: =+'PRODUKSI 1'!AH13 -> 0 | L95: PPH 21 | Q95: =+'PRODUKSI 1'!D14 -> K2 | R95: =+'PRODUKSI 1'!AH14 -> 0
B96: BPJS KES 1% | H96: =+'PRODUKSI 1'!AE13+'PRODUKSI 1'!AF13 -> 48772.11 | L96: BPJS KES 1% | R96: =+'PRODUKSI 1'!AE14+'PRODUKSI 1'!AF14 -> 48772.11
B97: BPJS TK 3% | H97: =+'PRODUKSI 1'!AC13+'PRODUKSI 1'!AD13 -> 146316.33 | L97: BPJS TK 3% | R97: =+'PRODUKSI 1'!AC14+'PRODUKSI 1'!AD14 -> 146316.33
B98: BPJS DITANGGUNG PERUSAHAAN | H98: =+H88 -> 448215.69 | L98: BPJS DITANGGUNG PERUSAHAAN | R98: =+R88 -> 448215.69
B99: TOTAL POTONGAN | H99: =SUM(H95:H98) -> 643304.13 | L99: TOTAL POTONGAN | R99: =SUM(R95:R98) -> 643304.13
B100: TOTAL GAJI | H100: =SUM(H93-H99) -> 5417629.1 | L100: TOTAL GAJI | R100: =SUM(R93-R99) -> 4611766.6
B101: KAS NON SHIFT | H101: ='[2]Urutan Nm'!H72 -> 10000 | L101: KAS SHIFT SANAN | R101: 10000
B103: TOTAL GAJI DITERIMA | H103: =SUM(H100-H101) -> 5407629.1 | L103: TOTAL GAJI DITERIMA | R103: =SUM(R100-R101) -> 4601766.6
B104: DIBUAT | G104: DITERIMA | L104: DIBUAT | Q104: DITERIMA
B107: (__________________) | G107: (________________) | L107: (__________________) | Q107: (________________)
B113: SLIP GAJI | L113: SLIP GAJI
B114: No. Urut | C114: : | D114: 7 | L114: No. Urut | M114: : | N114: 8
B115: Periode | C115: : | D115: ='[2]G-STAFF'!A3 -> 01 JANUARI S/D 31 JANUARI 2025 | L115: Periode | M115: : | N115: ='[2]G-STAFF'!A3 -> 01 JANUARI S/D 31 JANUARI 2025
B116: Nama Karyawan | C116: : | D116: =+'PRODUKSI 1'!B15 -> AMIR RUDIN | L116: Nama Karyawan | M116: : | N116: =+'PRODUKSI 1'!B16 -> OCEN SAPUTRA
B117: Bagian / Jabatan | C117: : | D117: =+'PRODUKSI 1'!C15 -> OP. SLITER 4 | L117: Bagian / Jabatan | M117: : | N117: =+'PRODUKSI 1'!C16 -> C. SERVICE
B119: PENERIMAAN | L119: PENERIMAAN
B120: GAJI POKOK | H120: =+'PRODUKSI 1'!H15 -> 4594855 | L120: GAJI POKOK | R120: =+'PRODUKSI 1'!H16 -> 4594855
B121: TUNJANGAN JABATAN | H121: =+'PRODUKSI 1'!I15 -> 0 | L121: TUNJANGAN JABATAN | R121: =+'PRODUKSI 1'!I16 -> 0
B122: TUNJANGAN PRESTASI | H122: =+'PRODUKSI 1'!J15 -> 0 | L122: TUNJANGAN PRESTASI | R122: =+'PRODUKSI 1'!J16 -> 100000
B123: TUNJANGAN INSENTIF | H123: =+'PRODUKSI 1'!K15 -> 0 | L123: TUNJANGAN INSENTIF | R123: =+'PRODUKSI 1'!K16 -> 0
B124: TUNJANGAN BPJS | H124: =+'PRODUKSI 1'!AA15 -> 448215.69 | L124: TUNJANGAN BPJS | R124: =+GENERAL!T16+5 -> 448220.69
B125: UANG MAKAN | H125: =+'PRODUKSI 1'!S15 -> 52000 | L125: UANG MAKAN | R125: =+'PRODUKSI 1'!S16 -> 100000
B126: LEMBUR | L126: LEMBUR
B127: HL/HM/HR | D127: 0 | E127: JAM | F127: X | G127: ='[2]G-STAFF'!M40 -> 25222.89 | H127: 0 | L127: HL/HM/HR | N127: 0 | O127: JAM | P127: X | Q127: ='[2]G-STAFF'!M41 -> 25222.89 | R127: =Q127*N127+6 -> 6
B128: H.BIASA | D128: 10 | E128: JAM | F128: X | G128: =G127 -> 25222.89 | H128: =G128*D128 -> 252228.9 | L128: H.BIASA | N128: 10 | O128: JAM | P128: X | Q128: =Q127 -> 25222.89 | R128: =Q128*N128 -> 252228.9
B129: TOTAL | D129: =SUM(D127:D128) -> 10 | H129: =SUM(H120:H128) -> 5347299.6 | L129: TOTAL | N129: =SUM(N127:N128) -> 10 | R129: =SUM(R120:R128) -> 5495310.6
B130: POTONGAN | L130: POTONGAN
B131: PPH 21 | G131: =+'PRODUKSI 1'!D15 -> K2 | H131: =+'PRODUKSI 1'!AH15 -> 0 | L131: PPH 21 | Q131: =+'PRODUKSI 1'!D16 -> K1 | R131: =+'PRODUKSI 1'!AH16 -> 0
B132: BPJS KES 1% | H132: =+'PRODUKSI 1'!AE15+'PRODUKSI 1'!AF15 -> 97544.22 | L132: BPJS KES 1% | R132: =+'PRODUKSI 1'!AE16+'PRODUKSI 1'!AF16 -> 48772.11
...

Sheet PRODUKSI 2
A1: PT INDOBOX UTAMA JAYA
A2: DAFTAR GAJI PRODUKSI 2
A3: PERIODE 01 NOVEMBER S/D 30 NOVEMBER 2025
A5: NO | B5: NAMA | C5: BAGIAN | D5: STS | E5: NIK | F5: HARI KERJA | G5: GAJI POKOK | H5: GAJI POKOK | I5: TUNJANGAN | L5: LEMBUR | R5: TOTAL LEMBUR | S5: HARI KERJA | T5: UANG MAKAN PERHARI | U5: UANG MAKAN SEBULAN | V5: THR/ BONUS | W5: TOTAL GAJI | X5: BPJS DITANGGUNG PERUSAHAAN | AB5: BPJS PER- USAHAAN | AC5: GAJI BRUTO | AD5: BPJS DITANGGUNG KARYAWAN | AH5: POTONGAN | AJ5: TOTAL GAJI SETELAH BPJS DAN PAJAK | AM5: BPJS TK | AN5: JKN | AO5: GAJI BRUTO | AP5: BIAYA JABATAN | AQ5: GAJI NETTO | AR5: GAJI SETAHUN | AS5: PTKP | AT5: PKP | AU5: PPH 21 SETAHUN | AV5: PPH 21 SEBULAN
I6: UANG JABATAN | J6: PRESTASI | K6: BONUS | L6: OT HARI LIBUR | M6: OT / JAM | N6: LEMBUR HARI LIBUR | O6: OT HARI BIASA | P6: OT / JAM | Q6: LEMBUR HARI BIASA | X6: JKK JKM | Y6: JHT | Z6: JP | AA6: BPJS KES | AD6: JHT | AE6: JP | AF6: BPJS KES | AG6: TAMBAHAN | AH6: BPJS | AI6: PPh 21
X7: 0.0119 | Y7: 0.02 | Z7: 0.02 | AA7: 0.04 | AD7: 0.02 | AE7: 0.01 | AF7: 0.01 | AG7: 0.01 | AH7: TK + KES | AP7: 0.05 | AR7: 12
A9: 1 | B9: PANJI AGUNG DEWANTARA | C9: PRINTER 4 | D9: TK | E9: 3201020609990014 | F9: 23 | G9: 137061 | H9: 4494855 | I9: 0 | J9: 0 | K9: 0 | L9: 0 | M9: 21667 | N9: =+L9*M9 -> 0 | O9: 0 | P9: =+H9/173 -> 25981.821 | Q9: =+O9*P9 -> 0 | R9: =+N9+Q9 -> 0 | S9: =+U9/T9 -> 19 | T9: 4000 | U9: 76000 | W9: =+H9+I9+J9+K9+R9+U9+V9 -> 4570855 | X9: =+AM9*$X$7 -> 58038.811 | Y9: =+AM9*$Y$7 -> 97544.22 | Z9: =+AM9*$Z$7 -> 97544.22 | AA9: =+AN9*$AA$7 -> 195088.44 | AB9: =SUM(X9:AA9) -> 448215.69 | AC9: =+W9+AB9 -> 5019070.7 | AD9: =+AM9*$AD$7 -> 97544.22 | AE9: =+AM9*$AE$7 -> 48772.11 | AF9: =+AN9*$AF$7 -> 48772.11 | AG9: 0 | AH9: =SUM(AD9:AG9) -> 195088.44 | AI9: 0 | AJ9: =+W9-AH9-AI9 -> 4375766.6 | AM9: 4877211 | AN9: 4877211 | AO9: =+W9+X9+AA9 -> 4823982.3 | AP9: =IF(AO9*$AP$7>500000,500000,AO9*$AP$7) -> 241199.11 | AQ9: =+AO9-AP9-AD9-AE9 -> 4436466.8 | AR9: =+AQ9*$AR$7 -> 53237602 | AS9: =IF(D9="TK",54000000,(IF(OR(D9="TK1",D9="K"),58500000,(IF(OR(D9="TK2",D9="K1"),63000000,(IF(OR(OR(D9="TK3",D9="TK4"),D9="K2"),67500000,72000000))))))) -> 54000000 | AT9: =IF((+AR9-AS9)<=0,0,TRUNC((AR9-AS9)/1000)*1000) -> 0 | AU9: =IF(AT9<=60000000,AT9*5%,IF(AT9<=250000000,3000000+((AT9-60000000)*15%),IF(AT9<=500000000,31500000+((AT9-250000000)*25%),IF(AND(AT9>=500000000,AT9<=5000000000),94000000+((AT9-500000000)*30%),IF(AT9>5000000000,(1444000000+(AT9-5000000000)*35%)))))) -> 0 | AV9: =AU9/#REF! -> #REF!
A10: 2 | B10: DENDI JULIANA | C10: SLITER 1 | D10: K | E10: 3201021907980007 | F10: 28 | G10: 137061 | H10: 4494855 | I10: 80000 | J10: 80000 | K10: 0 | L10: 0 | M10: 21667 | N10: =+L10*M10 -> 0 | O10: 0 | P10: =+H10/173 -> 25981.821 | Q10: =+O10*P10 -> 0 | R10: =+N10+Q10 -> 0 | S10: =+U10/T10 -> 23 | T10: 4000 | U10: 92000 | W10: =+H10+I10+J10+K10+R10+U10+V10 -> 4746855 | X10: =+AM10*$X$7 -> 58038.811 | Y10: =+AM10*$Y$7 -> 97544.22 | Z10: =+AM10*$Z$7 -> 97544.22 | AA10: =+AN10*$AA$7 -> 195088.44 | AB10: =SUM(X10:AA10) -> 448215.69 | AC10: =+W10+AB10 -> 5195070.7 | AD10: =+AM10*$AD$7 -> 97544.22 | AE10: =+AM10*$AE$7 -> 48772.11 | AF10: =+AN10*$AF$7 -> 48772.11 | AG10: 0 | AH10: =SUM(AD10:AG10) -> 195088.44 | AI10: 0 | AJ10: =+W10-AH10-AI10 -> 4551766.6 | AM10: 4877211 | AN10: 4877211 | AO10: =+W10+X10+AA10 -> 4999982.3 | AP10: =IF(AO10*$AP$7>500000,500000,AO10*$AP$7) -> 249999.11 | AQ10: =+AO10-AP10-AD10-AE10 -> 4603666.8 | AR10: =+AQ10*$AR$7 -> 55244002 | AS10: =IF(D10="TK",54000000,(IF(OR(D10="TK1",D10="K"),58500000,(IF(OR(D10="TK2",D10="K1"),63000000,(IF(OR(OR(D10="TK3",D10="TK4"),D10="K2"),67500000,72000000))))))) -> 58500000 | AT10: =IF((+AR10-AS10)<=0,0,TRUNC((AR10-AS10)/1000)*1000) -> 0 | AU10: =IF(AT10<=60000000,AT10*5%,IF(AT10<=250000000,3000000+((AT10-60000000)*15%),IF(AT10<=500000000,31500000+((AT10-250000000)*25%),IF(AND(AT10>=500000000,AT10<=5000000000),94000000+((AT10-500000000)*30%),IF(AT10>5000000000,(1444000000+(AT10-5000000000)*35%)))))) -> 0 | AV10: =AU10/#REF! -> #REF!
A11: 3 | B11: RISKI | C11: OP SLITER 2 | D11: TK | E11: 3305082809010002 | F11: 30 | G11: 137061 | H11: 4494855 | I11: 80000 | J11: 80000 | K11: 0 | L11: 0 | M11: 21667 | N11: =+L11*M11 -> 0 | O11: 9.5 | P11: =+H11/173 -> 25981.821 | Q11: =+O11*P11 -> 246827.3 | R11: =+N11+Q11 -> 246827.3 | S11: =+U11/T11 -> 24 | T11: 4000 | U11: 96000 | W11: =+H11+I11+J11+K11+R11+U11+V11 -> 4997682.3 | X11: =+AM11*$X$7 -> 58038.811 | Y11: =+AM11*$Y$7 -> 97544.22 | Z11: =+AM11*$Z$7 -> 97544.22 | AA11: =+AN11*$AA$7 -> 195088.44 | AB11: =SUM(X11:AA11) -> 448215.69 | AC11: =+W11+AB11 -> 5445898 | AD11: =+AM11*$AD$7 -> 97544.22 | AE11: =+AM11*$AE$7 -> 48772.11 | AF11: =+AN11*$AF$7 -> 48772.11 | AG11: 0 | AH11: =SUM(AD11:AG11) -> 195088.44 | AI11: 0 | AJ11: =+W11-AH11-AI11 -> 4802593.9 | AM11: 4877211 | AN11: 4877211 | AO11: =+W11+X11+AA11 -> 5250809.5 | AP11: =IF(AO11*$AP$7>500000,500000,AO11*$AP$7) -> 262540.48 | AQ11: =+AO11-AP11-AD11-AE11 -> 4841952.7 | AR11: =+AQ11*$AR$7 -> 58103433 | AS11: =IF(D11="TK",54000000,(IF(OR(D11="TK1",D11="K"),58500000,(IF(OR(D11="TK2",D11="K1"),63000000,(IF(OR(OR(D11="TK3",D11="TK4"),D11="K2"),67500000,72000000))))))) -> 54000000 | AT11: =IF((+AR11-AS11)<=0,0,TRUNC((AR11-AS11)/1000)*1000) -> 4103000 | AU11: =IF(AT11<=60000000,AT11*5%,IF(AT11<=250000000,3000000+((AT11-60000000)*15%),IF(AT11<=500000000,31500000+((AT11-250000000)*25%),IF(AND(AT11>=500000000,AT11<=5000000000),94000000+((AT11-500000000)*30%),IF(AT11>5000000000,(1444000000+(AT11-5000000000)*35%)))))) -> 205150 | AV11: =AU11/#REF! -> #REF!
A12: 4 | B12: SUHENDAR PERMANA | C12: SLOTER | D12: K | E12: 3213220604000001 | F12: 30 | G12: 137061 | H12: 4494855 | I12: 80000 | J12: 50000 | K12: 0 | L12: 0 | M12: 21667 | N12: =+L12*M12 -> 0 | O12: 9.5 | P12: =+H12/173 -> 25981.821 | Q12: =+O12*P12 -> 246827.3 | R12: =+N12+Q12 -> 246827.3 | S12: =+U12/T12 -> 24 | T12: 4000 | U12: 96000 | W12: =+H12+I12+J12+K12+R12+U12+V12 -> 4967682.3 | X12: =+AM12*$X$7 -> 58038.811 | Y12: =+AM12*$Y$7 -> 97544.22 | Z12: =+AM12*$Z$7 -> 97544.22 | AA12: =+AN12*$AA$7 -> 195088.44 | AB12: =SUM(X12:AA12) -> 448215.69 | AC12: =+W12+AB12 -> 5415898 | AD12: =+AM12*$AD$7 -> 97544.22 | AE12: =+AM12*$AE$7 -> 48772.11 | AF12: =+AN12*$AF$7 -> 48772.11 | AG12: =+AF12*1 -> 48772.11 | AH12: =SUM(AD12:AG12) -> 243860.55 | AI12: 0 | AJ12: =+W12-AH12-AI12 -> 4723821.7 | AM12: 4877211 | AN12: 4877211 | AO12: =+W12+X12+AA12 -> 5220809.5 | AP12: =IF(AO12*$AP$7>500000,500000,AO12*$AP$7) -> 261040.48 | AQ12: =+AO12-AP12-AD12-AE12 -> 4813452.7 | AR12: =+AQ12*$AR$7 -> 57761433 | AS12: =IF(D12="TK",54000000,(IF(OR(D12="TK1",D12="K"),58500000,(IF(OR(D12="TK2",D12="K1"),63000000,(IF(OR(OR(D12="TK3",D12="TK4"),D12="K2"),67500000,72000000))))))) -> 58500000 | AT12: =IF((+AR12-AS12)<=0,0,TRUNC((AR12-AS12)/1000)*1000) -> 0 | AU12: =IF(AT12<=60000000,AT12*5%,IF(AT12<=250000000,3000000+((AT12-60000000)*15%),IF(AT12<=500000000,31500000+((AT12-250000000)*25%),IF(AND(AT12>=500000000,AT12<=5000000000),94000000+((AT12-500000000)*30%),IF(AT12>5000000000,(1444000000+(AT12-5000000000)*35%)))))) -> 0 | AV12: =AU12/#REF! -> #REF!
A13: 5 | B13: ADRIAN OKTAVIANSYAH | C13: DELIVERY | D13: K1 | E13: 3201021110990014 | F13: 26 | G13: 137061 | H13: 4494855 | I13: 0 | J13: 0 | K13: 0 | L13: 0 | M13: 21667 | N13: =+L13*M13 -> 0 | O13: 44 | P13: =+H13/173 -> 25981.821 | Q13: =+O13*P13 -> 1143200.1 | R13: =+N13+Q13 -> 1143200.1 | S13: =+U13/T13 -> 19 | T13: 4000 | U13: 76000 | W13: =+H13+I13+J13+K13+R13+U13+V13 -> 5714055.1 | X13: =+AM13*$X$7 -> 58038.811 | Y13: =+AM13*$Y$7 -> 97544.22 | Z13: =+AM13*$Z$7 -> 97544.22 | AA13: =+AN13*$AA$7 -> 195088.44 | AB13: =SUM(X13:AA13) -> 448215.69 | AC13: =+W13+AB13 -> 6162270.8 | AD13: =+AM13*$AD$7 -> 97544.22 | AE13: =+AM13*$AE$7 -> 48772.11 | AF13: =+AN13*$AF$7 -> 48772.11 | AG13: 0 | AH13: =SUM(AD13:AG13) -> 195088.44 | AI13: 0 | AJ13: =+W13-AH13-AI13 -> 5518966.7 | AM13: 4877211 | AN13: 4877211 | AO13: =+W13+X13+AA13 -> 5967182.4 | AP13: =IF(AO13*$AP$7>500000,500000,AO13*$AP$7) -> 298359.12 | AQ13: =+AO13-AP13-AD13-AE13 -> 5522506.9 | AR13: =+AQ13*$AR$7 -> 66270083 | AS13: =IF(D13="TK",54000000,(IF(OR(D13="TK1",D13="K"),58500000,(IF(OR(D13="TK2",D13="K1"),63000000,(IF(OR(OR(D13="TK3",D13="TK4"),D13="K2"),67500000,72000000))))))) -> 63000000 | AT13: =IF((+AR13-AS13)<=0,0,TRUNC((AR13-AS13)/1000)*1000) -> 3270000 | AU13: =IF(AT13<=60000000,AT13*5%,IF(AT13<=250000000,3000000+((AT13-60000000)*15%),IF(AT13<=500000000,31500000+((AT13-250000000)*25%),IF(AND(AT13>=500000000,AT13<=5000000000),94000000+((AT13-500000000)*30%),IF(AT13>5000000000,(1444000000+(AT13-5000000000)*35%)))))) -> 163500 | AV13: =AU13/#REF! -> #REF!
A14: 6 | B14: SITI MARFUAH | C14: C. SERVICE | D14: TK | E14: 3201025610860002 | F14: 30 | G14: 105441 | H14: 4494855 | I14: 0 | J14: 0 | K14: 0 | L14: 0 | M14: 16669 | N14: =+L14*M14 -> 0 | O14: 0 | P14: =+H14/173 -> 25981.821 | Q14: =+O14*P14 -> 0 | R14: =+N14+Q14 -> 0 | S14: =+U14/T14 -> 25 | T14: 4000 | U14: 100000 | W14: =+H14+I14+J14+K14+R14+U14+V14 -> 4594855 | X14: =+AM14*$X$7 -> 58038.811 | Y14: =+AM14*$Y$7 -> 97544.22 | Z14: =+AM14*$Z$7 -> 97544.22 | AA14: =+AN14*$AA$7 -> 195088.44 | AB14: =SUM(X14:AA14) -> 448215.69 | AC14: =+W14+AB14 -> 5043070.7 | AD14: =+AM14*$AD$7 -> 97544.22 | AE14: =+AM14*$AE$7 -> 48772.11 | AF14: =+AN14*$AF$7 -> 48772.11 | AG14: 0 | AH14: =SUM(AD14:AG14) -> 195088.44 | AI14: 0 | AJ14: =+W14-AH14-AI14 -> 4399766.6 | AM14: 4877211 | AN14: 4877211 | AO14: =+W14+X14+AA14 -> 4847982.3 | AP14: =IF(AO14*$AP$7>500000,500000,AO14*$AP$7) -> 242399.11 | AQ14: =+AO14-AP14-AD14-AE14 -> 4459266.8 | AR14: =+AQ14*$AR$7 -> 53511202 | AS14: =IF(D14="TK",54000000,(IF(OR(D14="TK1",D14="K"),58500000,(IF(OR(D14="TK2",D14="K1"),63000000,(IF(OR(OR(D14="TK3",D14="TK4"),D14="K2"),67500000,72000000))))))) -> 54000000 | AT14: =IF((+AR14-AS14)<=0,0,TRUNC((AR14-AS14)/1000)*1000) -> 0 | AU14: =IF(AT14<=60000000,AT14*5%,IF(AT14<=250000000,3000000+((AT14-60000000)*15%),IF(AT14<=500000000,31500000+((AT14-250000000)*25%),IF(AND(AT14>=500000000,AT14<=5000000000),94000000+((AT14-500000000)*30%),IF(AT14>5000000000,(1444000000+(AT14-5000000000)*35%)))))) -> 0 | AV14: =AU14/#REF! -> #REF!
A15: 7 | B15: REJA RAMADANI | C15: DELIVERY | D15: TK | E15: 3201322111010002 | F15: 30 | G15: 137061 | H15: 4494855 | I15: 0 | J15: 0 | K15: 0 | L15: 0 | M15: 21667 | N15: =+L15*M15 -> 0 | O15: 62.5 | P15: =+H15/173 -> 25981.821 | Q15: =+O15*P15 -> 1623863.8 | R15: =+N15+Q15 -> 1623863.8 | S15: =+U15/T15 -> 25 | T15: 4000 | U15: 100000 | W15: =+H15+I15+J15+K15+R15+U15+V15 -> 6218718.8 | X15: =+AM15*$X$7 -> 58038.811 | Y15: =+AM15*$Y$7 -> 97544.22 | Z15: =+AM15*$Z$7 -> 97544.22 | AA15: =+AN15*$AA$7 -> 195088.44 | AB15: =SUM(X15:AA15) -> 448215.69 | AC15: =+W15+AB15 -> 6666934.5 | AD15: =+AM15*$AD$7 -> 97544.22 | AE15: =+AM15*$AE$7 -> 48772.11 | AF15: =+AN15*$AF$7 -> 48772.11 | AG15: 0 | AH15: =SUM(AD15:AG15) -> 195088.44 | AI15: 64718 | AJ15: =+W15-AH15-AI15 -> 5958912.4 | AM15: 4877211 | AN15: 4877211 | AO15: =+W15+X15+AA15 -> 6471846.1 | AP15: =IF(AO15*$AP$7>500000,500000,AO15*$AP$7) -> 323592.3 | AQ15: =+AO15-AP15-AD15-AE15 -> 6001937.4 | AR15: =+AQ15*$AR$7 -> 72023249 | AS15: =IF(D15="TK",54000000,(IF(OR(D15="TK1",D15="K"),58500000,(IF(OR(D15="TK2",D15="K1"),63000000,(IF(OR(OR(D15="TK3",D15="TK4"),D15="K2"),67500000,72000000))))))) -> 54000000 | AT15: =IF((+AR15-AS15)<=0,0,TRUNC((AR15-AS15)/1000)*1000) -> 18023000 | AU15: =IF(AT15<=60000000,AT15*5%,IF(AT15<=250000000,3000000+((AT15-60000000)*15%),IF(AT15<=500000000,31500000+((AT15-250000000)*25%),IF(AND(AT15>=500000000,AT15<=5000000000),94000000+((AT15-500000000)*30%),IF(AT15>5000000000,(1444000000+(AT15-5000000000)*35%)))))) -> 901150 | AV15: =AU15/#REF! -> #REF!
A16: 8 | B16: OKY HERIYAWAN | C16: THOMSON | D16: K | E16: 3215082510990006 | F16: 29 | G16: 124352 | H16: 4394855 | I16: 80000 | J16: 40000 | K16: 0 | L16: 0 | M16: 19658 | N16: =+L16*M16 -> 0 | O16: 5.5 | P16: =+H16/173 -> 25403.786 | Q16: =+O16*P16 -> 139720.82 | R16: =+N16+Q16 -> 139720.82 | S16: =+U16/T16 -> 23 | T16: 4000 | U16: 92000 | W16: =+H16+I16+J16+K16+R16+U16+V16 -> 4746575.8 | X16: =+AM16*$X$7 -> 58038.811 | Y16: =+AM16*$Y$7 -> 97544.22 | Z16: =+AM16*$Z$7 -> 97544.22 | AA16: =+AN16*$AA$7 -> 195088.44 | AB16: =SUM(X16:AA16) -> 448215.69 | AC16: =+W16+AB16 -> 5194791.5 | AD16: =+AM16*$AD$7 -> 97544.22 | AE16: =+AM16*$AE$7 -> 48772.11 | AF16: =+AN16*$AF$7 -> 48772.11 | AG16: 0 | AH16: =SUM(AD16:AG16) -> 195088.44 | AI16: 0 | AJ16: =+W16-AH16-AI16 -> 4551487.4 | AM16: 4877211 | AN16: 4877211 | AO16: =+W16+X16+AA16 -> 4999703.1 | AP16: =IF(AO16*$AP$7>500000,500000,AO16*$AP$7) -> 249985.15 | AQ16: =+AO16-AP16-AD16-AE16 -> 4603401.6 | AR16: =+AQ16*$AR$7 -> 55240819 | AS16: =IF(D16="TK",54000000,(IF(OR(D16="TK1",D16="K"),58500000,(IF(OR(D16="TK2",D16="K1"),63000000,(IF(OR(OR(D16="TK3",D16="TK4"),D16="K2"),67500000,72000000))))))) -> 58500000 | AT16: =IF((+AR16-AS16)<=0,0,TRUNC((AR16-AS16)/1000)*1000) -> 0 | AU16: =IF(AT16<=60000000,AT16*5%,IF(AT16<=250000000,3000000+((AT16-60000000)*15%),IF(AT16<=500000000,31500000+((AT16-250000000)*25%),IF(AND(AT16>=500000000,AT16<=5000000000),94000000+((AT16-500000000)*30%),IF(AT16>5000000000,(1444000000+(AT16-5000000000)*35%)))))) -> 0 | AV16: =AU16/#REF! -> #REF!
A17: 9 | B17: HERMANSYAH | C17: SLITER | D17: TK | E17: 3201033006000003 | F17: 29 | G17: 124352 | H17: 4394855 | I17: 0 | J17: 0 | K17: 0 | L17: 0 | M17: 19658 | N17: =+L17*M17 -> 0 | O17: 0 | P17: =+H17/173 -> 25403.786 | Q17: =+O17*P17 -> 0 | R17: =+N17+Q17 -> 0 | S17: =+U17/T17 -> 24 | T17: 4000 | U17: 96000 | W17: =+H17+I17+J17+K17+R17+U17+V17 -> 4490855 | X17: =+AM17*$X$7 -> 58038.811 | Y17: =+AM17*$Y$7 -> 97544.22 | Z17: =+AM17*$Z$7 -> 97544.22 | AA17: =+AN17*$AA$7 -> 195088.44 | AB17: =SUM(X17:AA17) -> 448215.69 | AC17: =+W17+AB17 -> 4939070.7 | AD17: =+AM17*$AD$7 -> 97544.22 | AE17: =+AM17*$AE$7 -> 48772.11 | AF17: =+AN17*$AF$7 -> 48772.11 | AG17: =+AF17*1 -> 48772.11 | AH17: =SUM(AD17:AG17) -> 243860.55 | AI17: 0 | AJ17: =+W17-AH17-AI17 -> 4246994.5 | AM17: 4877211 | AN17: 4877211 | AO17: =+W17+X17+AA17 -> 4743982.3 | AP17: =IF(AO17*$AP$7>500000,500000,AO17*$AP$7) -> 237199.11 | AQ17: =+AO17-AP17-AD17-AE17 -> 4360466.8 | AR17: =+AQ17*$AR$7 -> 52325602 | AS17: =IF(D17="TK",54000000,(IF(OR(D17="TK1",D17="K"),58500000,(IF(OR(D17="TK2",D17="K1"),63000000,(IF(OR(OR(D17="TK3",D17="TK4"),D17="K2"),67500000,72000000))))))) -> 54000000 | AT17: =IF((+AR17-AS17)<=0,0,TRUNC((AR17-AS17)/1000)*1000) -> 0 | AU17: =IF(AT17<=60000000,AT17*5%,IF(AT17<=250000000,3000000+((AT17-60000000)*15%),IF(AT17<=500000000,31500000+((AT17-250000000)*25%),IF(AND(AT17>=500000000,AT17<=5000000000),94000000+((AT17-500000000)*30%),IF(AT17>5000000000,(1444000000+(AT17-5000000000)*35%)))))) -> 0 | AV17: =AU17/#REF! -> #REF!
A18: 10 | B18: FERI TIRANA | C18: SLITER | D18: TK | E18: 3201023112020010 | F18: 29 | G18: 124352 | H18: 4394855 | I18: 80000 | J18: 80000 | K18: 0 | L18: 0 | M18: 19658 | N18: =+L18*M18 -> 0 | O18: 0 | P18: =+H18/173 -> 25403.786 | Q18: =+O18*P18 -> 0 | R18: =+N18+Q18 -> 0 | S18: =+U18/T18 -> 24 | T18: 4000 | U18: 96000 | W18: =+H18+I18+J18+K18+R18+U18+V18 -> 4650855 | X18: =+AM18*$X$7 -> 58038.811 | Y18: =+AM18*$Y$7 -> 97544.22 | Z18: =+AM18*$Z$7 -> 97544.22 | AA18: =+AN18*$AA$7 -> 195088.44 | AB18: =SUM(X18:AA18) -> 448215.69 | AC18: =+W18+AB18 -> 5099070.7 | AD18: =+AM18*$AD$7 -> 97544.22 | AE18: =+AM18*$AE$7 -> 48772.11 | AF18: =+AN18*$AF$7 -> 48772.11 | AG18: 0 | AH18: =SUM(AD18:AG18) -> 195088.44 | AI18: 0 | AJ18: =+W18-AH18-AI18 -> 4455766.6 | AM18: 4877211 | AN18: 4877211 | AO18: =+W18+X18+AA18 -> 4903982.3 | AP18: =IF(AO18*$AP$7>500000,500000,AO18*$AP$7) -> 245199.11 | AQ18: =+AO18-AP18-AD18-AE18 -> 4512466.8 | AR18: =+AQ18*$AR$7 -> 54149602 | AS18: =IF(D18="TK",54000000,(IF(OR(D18="TK1",D18="K"),58500000,(IF(OR(D18="TK2",D18="K1"),63000000,(IF(OR(OR(D18="TK3",D18="TK4"),D18="K2"),67500000,72000000))))))) -> 54000000 | AT18: =IF((+AR18-AS18)<=0,0,TRUNC((AR18-AS18)/1000)*1000) -> 149000 | AU18: =IF(AT18<=60000000,AT18*5%,IF(AT18<=250000000,3000000+((AT18-60000000)*15%),IF(AT18<=500000000,31500000+((AT18-250000000)*25%),IF(AND(AT18>=500000000,AT18<=5000000000),94000000+((AT18-500000000)*30%),IF(AT18>5000000000,(1444000000+(AT18-5000000000)*35%)))))) -> 7450 | AV18: =AU18/#REF! -> #REF!
A19: 11 | B19: RIO ROMADAN | C19: PRINTER | D19: TK | E19: 3201021912990005 | F19: 29 | G19: 124352 | H19: 4394855 | I19: 0 | J19: 0 | K19: 0 | L19: 0 | M19: 19658 | N19: =+L19*M19 -> 0 | O19: 0 | P19: =+H19/173 -> 25403.786 | Q19: =+O19*P19 -> 0 | R19: =+N19+Q19 -> 0 | S19: =+U19/T19 -> 24 | T19: 4000 | U19: 96000 | W19: =+H19+I19+J19+K19+R19+U19+V19 -> 4490855 | X19: =+AM19*$X$7 -> 58038.811 | Y19: =+AM19*$Y$7 -> 97544.22 | Z19: =+AM19*$Z$7 -> 97544.22 | AA19: =+AN19*$AA$7 -> 195088.44 | AB19: =SUM(X19:AA19) -> 448215.69 | AC19: =+W19+AB19 -> 4939070.7 | AD19: =+AM19*$AD$7 -> 97544.22 | AE19: =+AM19*$AE$7 -> 48772.11 | AF19: =+AN19*$AF$7 -> 48772.11 | AG19: 0 | AH19: =SUM(AD19:AG19) -> 195088.44 | AI19: 0 | AJ19: =+W19-AH19-AI19 -> 4295766.6 | AM19: 4877211 | AN19: 4877211 | AO19: =+W19+X19+AA19 -> 4743982.3 | AP19: =IF(AO19*$AP$7>500000,500000,AO19*$AP$7) -> 237199.11 | AQ19: =+AO19-AP19-AD19-AE19 -> 4360466.8 | AR19: =+AQ19*$AR$7 -> 52325602 | AS19: =IF(D19="TK",54000000,(IF(OR(D19="TK1",D19="K"),58500000,(IF(OR(D19="TK2",D19="K1"),63000000,(IF(OR(OR(D19="TK3",D19="TK4"),D19="K2"),67500000,72000000))))))) -> 54000000 | AT19: =IF((+AR19-AS19)<=0,0,TRUNC((AR19-AS19)/1000)*1000) -> 0 | AU19: =IF(AT19<=60000000,AT19*5%,IF(AT19<=250000000,3000000+((AT19-60000000)*15%),IF(AT19<=500000000,31500000+((AT19-250000000)*25%),IF(AND(AT19>=500000000,AT19<=5000000000),94000000+((AT19-500000000)*30%),IF(AT19>5000000000,(1444000000+(AT19-5000000000)*35%)))))) -> 0 | AV19: =AU19/#REF! -> #REF!
A20: 12 | B20: TAUFIK HERMANSYAH | C20: SLITER | D20: TK | E20: 3213221602030003 | F20: 29 | G20: 124352 | H20: 4394855 | I20: 80000 | J20: 80000 | K20: 0 | L20: 0 | M20: 19658 | N20: =+L20*M20 -> 0 | O20: 0 | P20: =+H20/173 -> 25403.786 | Q20: =+O20*P20 -> 0 | R20: =+N20+Q20 -> 0 | S20: =+U20/T20 -> 24 | T20: 4000 | U20: 96000 | W20: =+H20+I20+J20+K20+R20+U20+V20 -> 4650855 | X20: =+AM20*$X$7 -> 58038.811 | Y20: =+AM20*$Y$7 -> 97544.22 | Z20: =+AM20*$Z$7 -> 97544.22 | AA20: =+AN20*$AA$7 -> 195088.44 | AB20: =SUM(X20:AA20) -> 448215.69 | AC20: =+W20+AB20 -> 5099070.7 | AD20: =+AM20*$AD$7 -> 97544.22 | AE20: =+AM20*$AE$7 -> 48772.11 | AF20: =+AN20*$AF$7 -> 48772.11 | AG20: 0 | AH20: =SUM(AD20:AG20) -> 195088.44 | AI20: 0 | AJ20: =+W20-AH20-AI20 -> 4455766.6 | AM20: 4877211 | AN20: 4877211 | AO20: =+W20+X20+AA20 -> 4903982.3 | AP20: =IF(AO20*$AP$7>500000,500000,AO20*$AP$7) -> 245199.11 | AQ20: =+AO20-AP20-AD20-AE20 -> 4512466.8 | AR20: =+AQ20*$AR$7 -> 54149602 | AS20: =IF(D20="TK",54000000,(IF(OR(D20="TK1",D20="K"),58500000,(IF(OR(D20="TK2",D20="K1"),63000000,(IF(OR(OR(D20="TK3",D20="TK4"),D20="K2"),67500000,72000000))))))) -> 54000000 | AT20: =IF((+AR20-AS20)<=0,0,TRUNC((AR20-AS20)/1000)*1000) -> 149000 | AU20: =IF(AT20<=60000000,AT20*5%,IF(AT20<=250000000,3000000+((AT20-60000000)*15%),IF(AT20<=500000000,31500000+((AT20-250000000)*25%),IF(AND(AT20>=500000000,AT20<=5000000000),94000000+((AT20-500000000)*30%),IF(AT20>5000000000,(1444000000+(AT20-5000000000)*35%)))))) -> 7450 | AV20: =AU20/#REF! -> #REF!
A21: 13 | B21: FAZAR SIDIK NUR MAULID | C21: UMUM | D21: TK | E21: 3217070106010008 | F21: 26 | G21: 124352 | H21: 4394855 | I21: 80000 | J21: 0 | K21: 0 | L21: 0 | M21: 19658 | N21: =+L21*M21 -> 0 | O21: 0 | P21: =+H21/173 -> 25403.786 | Q21: =+O21*P21 -> 0 | R21: =+N21+Q21 -> 0 | S21: =+U21/T21 -> 21 | T21: 4000 | U21: 84000 | W21: =+H21+I21+J21+K21+R21+U21+V21 -> 4558855 | X21: =+AM21*$X$7 -> 58038.811 | Y21: =+AM21*$Y$7 -> 97544.22 | Z21: =+AM21*$Z$7 -> 97544.22 | AA21: =+AN21*$AA$7 -> 195088.44 | AB21: =SUM(X21:AA21) -> 448215.69 | AC21: =+W21+AB21 -> 5007070.7 | AD21: =+AM21*$AD$7 -> 97544.22 | AE21: =+AM21*$AE$7 -> 48772.11 | AF21: =+AN21*$AF$7 -> 48772.11 | AG21: 0 | AH21: =SUM(AD21:AG21) -> 195088.44 | AI21: 0 | AJ21: =+W21-AH21-AI21 -> 4363766.6 | AM21: 4877211 | AN21: 4877211 | AO21: =+W21+X21+AA21 -> 4811982.3 | AP21: =IF(AO21*$AP$7>500000,500000,AO21*$AP$7) -> 240599.11 | AQ21: =+AO21-AP21-AD21-AE21 -> 4425066.8 | AR21: =+AQ21*$AR$7 -> 53100802 | AS21: =IF(D21="TK",54000000,(IF(OR(D21="TK1",D21="K"),58500000,(IF(OR(D21="TK2",D21="K1"),63000000,(IF(OR(OR(D21="TK3",D21="TK4"),D21="K2"),67500000,72000000))))))) -> 54000000 | AT21: =IF((+AR21-AS21)<=0,0,TRUNC((AR21-AS21)/1000)*1000) -> 0 | AU21: =IF(AT21<=60000000,AT21*5%,IF(AT21<=250000000,3000000+((AT21-60000000)*15%),IF(AT21<=500000000,31500000+((AT21-250000000)*25%),IF(AND(AT21>=500000000,AT21<=5000000000),94000000+((AT21-500000000)*30%),IF(AT21>5000000000,(1444000000+(AT21-5000000000)*35%)))))) -> 0 | AV21: =AU21/#REF! -> #REF!
A22: 14 | B22: MUHAMAD RIDWAN | C22: DELIVERY | D22: TK | E22: 3201321303030003 | F22: 30 | G22: 124352 | H22: 4394855 | I22: 0 | J22: 0 | K22: 0 | L22: 0 | M22: 19658 | N22: =+L22*M22 -> 0 | O22: 0 | P22: =+H22/173 -> 25403.786 | Q22: =+O22*P22 -> 0 | R22: =+N22+Q22 -> 0 | S22: =+U22/T22 -> 25 | T22: 4000 | U22: 100000 | W22: =+H22+I22+J22+K22+R22+U22+V22 -> 4494855 | X22: =+AM22*$X$7 -> 58038.811 | Y22: =+AM22*$Y$7 -> 97544.22 | Z22: =+AM22*$Z$7 -> 97544.22 | AA22: =+AN22*$AA$7 -> 195088.44 | AB22: =SUM(X22:AA22) -> 448215.69 | AC22: =+W22+AB22 -> 4943070.7 | AD22: =+AM22*$AD$7 -> 97544.22 | AE22: =+AM22*$AE$7 -> 48772.11 | AF22: =+AN22*$AF$7 -> 48772.11 | AG22: 0 | AH22: =SUM(AD22:AG22) -> 195088.44 | AI22: 0 | AJ22: =+W22-AH22-AI22 -> 4299766.6 | AM22: 4877211 | AN22: 4877211 | AO22: =+W22+X22+AA22 -> 4747982.3 | AP22: =IF(AO22*$AP$7>500000,500000,AO22*$AP$7) -> 237399.11 | AQ22: =+AO22-AP22-AD22-AE22 -> 4364266.8 | AR22: =+AQ22*$AR$7 -> 52371202 | AS22: =IF(D22="TK",54000000,(IF(OR(D22="TK1",D22="K"),58500000,(IF(OR(D22="TK2",D22="K1"),63000000,(IF(OR(OR(D22="TK3",D22="TK4"),D22="K2"),67500000,72000000))))))) -> 54000000 | AT22: =IF((+AR22-AS22)<=0,0,TRUNC((AR22-AS22)/1000)*1000) -> 0 | AU22: =IF(AT22<=60000000,AT22*5%,IF(AT22<=250000000,3000000+((AT22-60000000)*15%),IF(AT22<=500000000,31500000+((AT22-250000000)*25%),IF(AND(AT22>=500000000,AT22<=5000000000),94000000+((AT22-500000000)*30%),IF(AT22>5000000000,(1444000000+(AT22-5000000000)*35%)))))) -> 0 | AV22: =AU22/#REF! -> #REF!
A23: 15 | B23: IRPAN MAULANA | C23: PRINTER | D23: TK | E23: 3201071711010009 | F23: 30 | G23: 118748 | H23: 4394855 | I23: 0 | J23: 0 | K23: 0 | L23: 0 | M23: 17341 | N23: =+L23*M23 -> 0 | O23: 7.5 | P23: =+H23/173 -> 25403.786 | Q23: =+O23*P23 -> 190528.4 | R23: =+N23+Q23 -> 190528.4 | S23: =+U23/T23 -> 24 | T23: 4000 | U23: 96000 | W23: =+H23+I23+J23+K23+R23+U23+V23 -> 4681383.4 | X23: =+AM23*$X$7 -> 58038.811 | Y23: =+AM23*$Y$7 -> 97544.22 | Z23: =+AM23*$Z$7 -> 97544.22 | AA23: =+AN23*$AA$7 -> 195088.44 | AB23: =SUM(X23:AA23) -> 448215.69 | AC23: =+W23+AB23 -> 5129599.1 | AD23: =+AM23*$AD$7 -> 97544.22 | AE23: =+AM23*$AE$7 -> 48772.11 | AF23: =+AN23*$AF$7 -> 48772.11 | AG23: 0 | AH23: =SUM(AD23:AG23) -> 195088.44 | AI23: 0 | AJ23: =+W23-AH23-AI23 -> 4486295 | AM23: 4877211 | AN23: 4877211 | AO23: =+W23+X23+AA23 -> 4934510.6 | AP23: =IF(AO23*$AP$7>500000,500000,AO23*$AP$7) -> 246725.53 | AQ23: =+AO23-AP23-AD23-AE23 -> 4541468.8 | AR23: =+AQ23*$AR$7 -> 54497625 | AS23: =IF(D23="TK",54000000,(IF(OR(D23="TK1",D23="K"),58500000,(IF(OR(D23="TK2",D23="K1"),63000000,(IF(OR(OR(D23="TK3",D23="TK4"),D23="K2"),67500000,72000000))))))) -> 54000000 | AT23: =IF((+AR23-AS23)<=0,0,TRUNC((AR23-AS23)/1000)*1000) -> 497000 | AU23: =IF(AT23<=60000000,AT23*5%,IF(AT23<=250000000,3000000+((AT23-60000000)*15%),IF(AT23<=500000000,31500000+((AT23-250000000)*25%),IF(AND(AT23>=500000000,AT23<=5000000000),94000000+((AT23-500000000)*30%),IF(AT23>5000000000,(1444000000+(AT23-5000000000)*35%)))))) -> 24850 | AV23: =AU23/#REF! -> #REF!
A24: 16 | B24: AHMAD NAFI'UN NUR | C24: SLITER | D24: TK | E24: 3324030911030002 | F24: 30 | G24: 118748 | H24: 4394855 | I24: 0 | J24: 0 | K24: 0 | O24: 0 | P24: =+H24/173 -> 25403.786 | Q24: =+O24*P24 -> 0 | R24: =+N24+Q24 -> 0 | S24: =+U24/T24 -> 25 | T24: 4000 | U24: 100000 | W24: =+H24+I24+J24+K24+R24+U24+V24 -> 4494855 | X24: =+AM24*$X$7 -> 58038.811 | Y24: =+AM24*$Y$7 -> 97544.22 | Z24: =+AM24*$Z$7 -> 97544.22 | AA24: =+AN24*$AA$7 -> 195088.44 | AB24: =SUM(X24:AA24) -> 448215.69 | AC24: =+W24+AB24 -> 4943070.7 | AD24: =+AM24*$AD$7 -> 97544.22 | AE24: =+AM24*$AE$7 -> 48772.11 | AF24: =+AN24*$AF$7 -> 48772.11 | AG24: 0 | AH24: =SUM(AD24:AG24) -> 195088.44 | AI24: 0 | AJ24: =+W24-AH24-AI24 -> 4299766.6 | AM24: 4877211 | AN24: 4877211 | AO24: =+W24+X24+AA24 -> 4747982.3 | AP24: =IF(AO24*$AP$7>500000,500000,AO24*$AP$7) -> 237399.11 | AQ24: =+AO24-AP24-AD24-AE24 -> 4364266.8 | AR24: =+AQ24*$AR$7 -> 52371202 | AS24: =IF(D24="TK",54000000,(IF(OR(D24="TK1",D24="K"),58500000,(IF(OR(D24="TK2",D24="K1"),63000000,(IF(OR(OR(D24="TK3",D24="TK4"),D24="K2"),67500000,72000000))))))) -> 54000000 | AT24: =IF((+AR24-AS24)<=0,0,TRUNC((AR24-AS24)/1000)*1000) -> 0 | AU24: =IF(AT24<=60000000,AT24*5%,IF(AT24<=250000000,3000000+((AT24-60000000)*15%),IF(AT24<=500000000,31500000+((AT24-250000000)*25%),IF(AND(AT24>=500000000,AT24<=5000000000),94000000+((AT24-500000000)*30%),IF(AT24>5000000000,(1444000000+(AT24-5000000000)*35%)))))) -> 0 | AV24: =AU24/#REF! -> #REF!
A25: 17 | B25: IRSYA DULFADIL | C25: SLITER | D25: TK | E25: 3201021903020014 | F25: 29 | G25: 118748 | H25: 4394855 | I25: 0 | J25: 0 | K25: 0 | O25: 0 | P25: =+H25/173 -> 25403.786 | Q25: =+O25*P25 -> 0 | R25: =+N25+Q25 -> 0 | S25: =+U25/T25 -> 24 | T25: 4000 | U25: 96000 | W25: =+H25+I25+J25+K25+R25+U25+V25 -> 4490855 | X25: =+AM25*$X$7 -> 58038.811 | Y25: =+AM25*$Y$7 -> 97544.22 | Z25: =+AM25*$Z$7 -> 97544.22 | AA25: =+AN25*$AA$7 -> 195088.44 | AB25: =SUM(X25:AA25) -> 448215.69 | AC25: =+W25+AB25 -> 4939070.7 | AD25: =+AM25*$AD$7 -> 97544.22 | AE25: =+AM25*$AE$7 -> 48772.11 | AF25: =+AN25*$AF$7 -> 48772.11 | AG25: =+AF25*1 -> 48772.11 | AH25: =SUM(AD25:AG25) -> 243860.55 | AI25: 0 | AJ25: =+W25-AH25-AI25 -> 4246994.5 | AM25: 4877211 | AN25: 4877211 | AO25: =+W25+X25+AA25 -> 4743982.3 | AP25: =IF(AO25*$AP$7>500000,500000,AO25*$AP$7) -> 237199.11 | AQ25: =+AO25-AP25-AD25-AE25 -> 4360466.8 | AR25: =+AQ25*$AR$7 -> 52325602 | AS25: =IF(D25="TK",54000000,(IF(OR(D25="TK1",D25="K"),58500000,(IF(OR(D25="TK2",D25="K1"),63000000,(IF(OR(OR(D25="TK3",D25="TK4"),D25="K2"),67500000,72000000))))))) -> 54000000 | AT25: =IF((+AR25-AS25)<=0,0,TRUNC((AR25-AS25)/1000)*1000) -> 0 | AU25: =IF(AT25<=60000000,AT25*5%,IF(AT25<=250000000,3000000+((AT25-60000000)*15%),IF(AT25<=500000000,31500000+((AT25-250000000)*25%),IF(AND(AT25>=500000000,AT25<=5000000000),94000000+((AT25-500000000)*30%),IF(AT25>5000000000,(1444000000+(AT25-5000000000)*35%)))))) -> 0 | AV25: =AU25/#REF! -> #REF!
A26: 18 | B26: MARJAN NUR KAMAL | C26: UMUM | D26: TK | E26: 3201023006020008 | F26: 29 | G26: 118748 | H26: 4394855 | I26: 0 | J26: 0 | K26: 0 | O26: 0 | P26: =+H26/173 -> 25403.786 | Q26: =+O26*P26 -> 0 | R26: =+N26+Q26 -> 0 | S26: =+U26/T26 -> 23 | T26: 4000 | U26: 92000 | W26: =+H26+I26+J26+K26+R26+U26+V26 -> 4486855 | X26: =+AM26*$X$7 -> 58038.811 | Y26: =+AM26*$Y$7 -> 97544.22 | Z26: =+AM26*$Z$7 -> 97544.22 | AA26: =+AN26*$AA$7 -> 195088.44 | AB26: =SUM(X26:AA26) -> 448215.69 | AC26: =+W26+AB26 -> 4935070.7 | AD26: =+AM26*$AD$7 -> 97544.22 | AE26: =+AM26*$AE$7 -> 48772.11 | AF26: =+AN26*$AF$7 -> 48772.11 | AG26: 0 | AH26: =SUM(AD26:AG26) -> 195088.44 | AI26: 0 | AJ26: =+W26-AH26-AI26 -> 4291766.6 | AM26: 4877211 | AN26: 4877211 | AO26: =+W26+X26+AA26 -> 4739982.3 | AP26: =IF(AO26*$AP$7>500000,500000,AO26*$AP$7) -> 236999.11 | AQ26: =+AO26-AP26-AD26-AE26 -> 4356666.8 | AR26: =+AQ26*$AR$7 -> 52280002 | AS26: =IF(D26="TK",54000000,(IF(OR(D26="TK1",D26="K"),58500000,(IF(OR(D26="TK2",D26="K1"),63000000,(IF(OR(OR(D26="TK3",D26="TK4"),D26="K2"),67500000,72000000))))))) -> 54000000 | AT26: =IF((+AR26-AS26)<=0,0,TRUNC((AR26-AS26)/1000)*1000) -> 0 | AU26: =IF(AT26<=60000000,AT26*5%,IF(AT26<=250000000,3000000+((AT26-60000000)*15%),IF(AT26<=500000000,31500000+((AT26-250000000)*25%),IF(AND(AT26>=500000000,AT26<=5000000000),94000000+((AT26-500000000)*30%),IF(AT26>5000000000,(1444000000+(AT26-5000000000)*35%)))))) -> 0 | AV26: =AU26/#REF! -> #REF!
A27: 19 | B27: RAHMAT | C27: SLOTER | D27: TK | E27: 3215171901040002 | F27: 28 | G27: 118748 | H27: 4394855 | I27: 0 | J27: 0 | K27: 0 | O27: 0 | P27: =+H27/173 -> 25403.786 | Q27: =+O27*P27 -> 0 | R27: =+N27+Q27 -> 0 | S27: =+U27/T27 -> 23 | T27: 4000 | U27: 92000 | W27: =+H27+I27+J27+K27+R27+U27+V27 -> 4486855 | X27: =+AM27*$X$7 -> 58038.811 | Y27: =+AM27*$Y$7 -> 97544.22 | Z27: =+AM27*$Z$7 -> 97544.22 | AA27: =+AN27*$AA$7 -> 195088.44 | AB27: =SUM(X27:AA27) -> 448215.69 | AC27: =+W27+AB27 -> 4935070.7 | AD27: =+AM27*$AD$7 -> 97544.22 | AE27: =+AM27*$AE$7 -> 48772.11 | AF27: =+AN27*$AF$7 -> 48772.11 | AG27: 0 | AH27: =SUM(AD27:AG27) -> 195088.44 | AI27: 0 | AJ27: =+W27-AH27-AI27 -> 4291766.6 | AM27: 4877211 | AN27: 4877211 | AO27: =+W27+X27+AA27 -> 4739982.3 | AP27: =IF(AO27*$AP$7>500000,500000,AO27*$AP$7) -> 236999.11 | AQ27: =+AO27-AP27-AD27-AE27 -> 4356666.8 | AR27: =+AQ27*$AR$7 -> 52280002 | AS27: =IF(D27="TK",54000000,(IF(OR(D27="TK1",D27="K"),58500000,(IF(OR(D27="TK2",D27="K1"),63000000,(IF(OR(OR(D27="TK3",D27="TK4"),D27="K2"),67500000,72000000))))))) -> 54000000 | AT27: =IF((+AR27-AS27)<=0,0,TRUNC((AR27-AS27)/1000)*1000) -> 0 | AU27: =IF(AT27<=60000000,AT27*5%,IF(AT27<=250000000,3000000+((AT27-60000000)*15%),IF(AT27<=500000000,31500000+((AT27-250000000)*25%),IF(AND(AT27>=500000000,AT27<=5000000000),94000000+((AT27-500000000)*30%),IF(AT27>5000000000,(1444000000+(AT27-5000000000)*35%)))))) -> 0 | AV27: =AU27/#REF! -> #REF!
A28: 20 | B28: FAIS MUHAMAD RIZWAN | C28: DELIVERY | D28: TK | E28: 3201021006050006 | F28: 30 | G28: 118748 | H28: 4394855 | I28: 0 | J28: 0 | K28: 0 | O28: 0 | P28: =+H28/173 -> 25403.786 | Q28: =+O28*P28 -> 0 | R28: =+N28+Q28 -> 0 | U28: 92000 | W28: =+H28+I28+J28+K28+R28+U28+V28 -> 4486855 | X28: =+AM28*$X$7 -> 58038.811 | Y28: =+AM28*$Y$7 -> 97544.22 | Z28: =+AM28*$Z$7 -> 97544.22 | AA28: =+AN28*$AA$7 -> 195088.44 | AB28: =SUM(X28:AA28) -> 448215.69 | AC28: =+W28+AB28 -> 4935070.7 | AD28: =+AM28*$AD$7 -> 97544.22 | AE28: =+AM28*$AE$7 -> 48772.11 | AF28: =+AN28*$AF$7 -> 48772.11 | AG28: 0 | AH28: =SUM(AD28:AG28) -> 195088.44 | AI28: 0 | AJ28: =+W28-AH28-AI28 -> 4291766.6 | AM28: 4877211 | AN28: 4877211 | AO28: =+W28+X28+AA28 -> 4739982.3 | AP28: =IF(AO28*$AP$7>500000,500000,AO28*$AP$7) -> 236999.11 | AQ28: =+AO28-AP28-AD28-AE28 -> 4356666.8 | AR28: =+AQ28*$AR$7 -> 52280002 | AS28: =IF(D28="TK",54000000,(IF(OR(D28="TK1",D28="K"),58500000,(IF(OR(D28="TK2",D28="K1"),63000000,(IF(OR(OR(D28="TK3",D28="TK4"),D28="K2"),67500000,72000000))))))) -> 54000000 | AT28: =IF((+AR28-AS28)<=0,0,TRUNC((AR28-AS28)/1000)*1000) -> 0 | AU28: =IF(AT28<=60000000,AT28*5%,IF(AT28<=250000000,3000000+((AT28-60000000)*15%),IF(AT28<=500000000,31500000+((AT28-250000000)*25%),IF(AND(AT28>=500000000,AT28<=5000000000),94000000+((AT28-500000000)*30%),IF(AT28>5000000000,(1444000000+(AT28-5000000000)*35%)))))) -> 0 | AV28: 0
A29: 21 | B29: MUHAMAD RENALDI | C29: DELIVERY | D29: TK | E29: 3201072507050004 | F29: 30 | G29: 118748 | H29: 4394855 | I29: 0 | J29: 0 | K29: 0 | O29: 0 | P29: =+H29/173 -> 25403.786 | Q29: =+O29*P29 -> 0 | R29: =+N29+Q29 -> 0 | U29: 92000 | W29: =+H29+I29+J29+K29+R29+U29+V29 -> 4486855 | X29: =+AM29*$X$7 -> 58038.811 | Y29: =+AM29*$Y$7 -> 97544.22 | Z29: =+AM29*$Z$7 -> 97544.22 | AA29: =+AN29*$AA$7 -> 195088.44 | AB29: =SUM(X29:AA29) -> 448215.69 | AC29: =+W29+AB29 -> 4935070.7 | AD29: =+AM29*$AD$7 -> 97544.22 | AE29: =+AM29*$AE$7 -> 48772.11 | AF29: =+AN29*$AF$7 -> 48772.11 | AG29: 0 | AH29: =SUM(AD29:AG29) -> 195088.44 | AI29: 0 | AJ29: =+W29-AH29-AI29 -> 4291766.6 | AM29: 4877211 | AN29: 4877211 | AO29: =+W29+X29+AA29 -> 4739982.3 | AP29: =IF(AO29*$AP$7>500000,500000,AO29*$AP$7) -> 236999.11 | AQ29: =+AO29-AP29-AD29-AE29 -> 4356666.8 | AR29: =+AQ29*$AR$7 -> 52280002 | AS29: =IF(D29="TK",54000000,(IF(OR(D29="TK1",D29="K"),58500000,(IF(OR(D29="TK2",D29="K1"),63000000,(IF(OR(OR(D29="TK3",D29="TK4"),D29="K2"),67500000,72000000))))))) -> 54000000 | AT29: =IF((+AR29-AS29)<=0,0,TRUNC((AR29-AS29)/1000)*1000) -> 0 | AU29: =IF(AT29<=60000000,AT29*5%,IF(AT29<=250000000,3000000+((AT29-60000000)*15%),IF(AT29<=500000000,31500000+((AT29-250000000)*25%),IF(AND(AT29>=500000000,AT29<=5000000000),94000000+((AT29-500000000)*30%),IF(AT29>5000000000,(1444000000+(AT29-5000000000)*35%)))))) -> 0 | AV29: 0
A30: 22 | B30: RISKI MAULANA | C30: SLOTER | D30: TK | E30: 3201021208040001 | F30: 28 | G30: 118748 | H30: 4394855 | I30: 0 | J30: 0 | K30: 0 | O30: 0 | P30: =+H30/173 -> 25403.786 | Q30: =+O30*P30 -> 0 | R30: =+N30+Q30 -> 0 | U30: 88000 | W30: =+H30+I30+J30+K30+R30+U30+V30 -> 4482855 | X30: =+AM30*$X$7 -> 58038.811 | Y30: =+AM30*$Y$7 -> 97544.22 | Z30: =+AM30*$Z$7 -> 97544.22 | AA30: =+AN30*$AA$7 -> 195088.44 | AB30: =SUM(X30:AA30) -> 448215.69 | AC30: =+W30+AB30 -> 4931070.7 | AD30: =+AM30*$AD$7 -> 97544.22 | AE30: =+AM30*$AE$7 -> 48772.11 | AF30: =+AN30*$AF$7 -> 48772.11 | AG30: 0 | AH30: =SUM(AD30:AG30) -> 195088.44 | AI30: 0 | AJ30: =+W30-AH30-AI30 -> 4287766.6 | AM30: 4877211 | AN30: 4877211 | AO30: =+W30+X30+AA30 -> 4735982.3 | AP30: =IF(AO30*$AP$7>500000,500000,AO30*$AP$7) -> 236799.11 | AQ30: =+AO30-AP30-AD30-AE30 -> 4352866.8 | AR30: =+AQ30*$AR$7 -> 52234402 | AS30: =IF(D30="TK",54000000,(IF(OR(D30="TK1",D30="K"),58500000,(IF(OR(D30="TK2",D30="K1"),63000000,(IF(OR(OR(D30="TK3",D30="TK4"),D30="K2"),67500000,72000000))))))) -> 54000000 | AT30: =IF((+AR30-AS30)<=0,0,TRUNC((AR30-AS30)/1000)*1000) -> 0 | AU30: =IF(AT30<=60000000,AT30*5%,IF(AT30<=250000000,3000000+((AT30-60000000)*15%),IF(AT30<=500000000,31500000+((AT30-250000000)*25%),IF(AND(AT30>=500000000,AT30<=5000000000),94000000+((AT30-500000000)*30%),IF(AT30>5000000000,(1444000000+(AT30-5000000000)*35%)))))) -> 0 | AV30: 0
A31: 23 | B31: KHOLIS RIFQI ALFATHIN | C31: PRINTER | D31: TK | E31: 3201080103000003 | F31: 29 | G31: 118748 | H31: 4394855 | I31: 0 | J31: 0 | K31: 0 | O31: 0 | P31: =+H31/173 -> 25403.786 | Q31: =+O31*P31 -> 0 | R31: =+N31+Q31 -> 0 | U31: 96000 | W31: =+H31+I31+J31+K31+R31+U31+V31 -> 4490855 | X31: =+AM31*$X$7 -> 58038.811 | Y31: =+AM31*$Y$7 -> 97544.22 | Z31: =+AM31*$Z$7 -> 97544.22 | AA31: =+AN31*$AA$7 -> 195088.44 | AB31: =SUM(X31:AA31) -> 448215.69 | AC31: =+W31+AB31 -> 4939070.7 | AD31: =+AM31*$AD$7 -> 97544.22 | AE31: =+AM31*$AE$7 -> 48772.11 | AF31: =+AN31*$AF$7 -> 48772.11 | AG31: 0 | AH31: =SUM(AD31:AG31) -> 195088.44 | AI31: 0 | AJ31: =+W31-AH31-AI31 -> 4295766.6 | AM31: 4877211 | AN31: 4877211 | AO31: =+W31+X31+AA31 -> 4743982.3 | AP31: =IF(AO31*$AP$7>500000,500000,AO31*$AP$7) -> 237199.11 | AQ31: =+AO31-AP31-AD31-AE31 -> 4360466.8 | AR31: =+AQ31*$AR$7 -> 52325602 | AS31: =IF(D31="TK",54000000,(IF(OR(D31="TK1",D31="K"),58500000,(IF(OR(D31="TK2",D31="K1"),63000000,(IF(OR(OR(D31="TK3",D31="TK4"),D31="K2"),67500000,72000000))))))) -> 54000000 | AT31: =IF((+AR31-AS31)<=0,0,TRUNC((AR31-AS31)/1000)*1000) -> 0 | AU31: =IF(AT31<=60000000,AT31*5%,IF(AT31<=250000000,3000000+((AT31-60000000)*15%),IF(AT31<=500000000,31500000+((AT31-250000000)*25%),IF(AND(AT31>=500000000,AT31<=5000000000),94000000+((AT31-500000000)*30%),IF(AT31>5000000000,(1444000000+(AT31-5000000000)*35%)))))) -> 0 | AV31: 0
A32: 24 | B32: DIKA HARNIA PUTRA | C32: SLITTER | D32: TK | E32: 3201022412030004 | F32: 30 | G32: 118748 | H32: 4394855 | I32: 0 | J32: 0 | K32: 0 | O32: 0 | P32: =+H32/173 -> 25403.786 | Q32: =+O32*P32 -> 0 | R32: =+N32+Q32 -> 0 | U32: 96000 | W32: =+H32+I32+J32+K32+R32+U32+V32 -> 4490855 | X32: =+AM32*$X$7 -> 58038.811 | Y32: =+AM32*$Y$7 -> 97544.22 | Z32: =+AM32*$Z$7 -> 97544.22 | AA32: =+AN32*$AA$7 -> 195088.44 | AB32: =SUM(X32:AA32) -> 448215.69 | AC32: =+W32+AB32 -> 4939070.7 | AD32: =+AM32*$AD$7 -> 97544.22 | AE32: =+AM32*$AE$7 -> 48772.11 | AF32: =+AN32*$AF$7 -> 48772.11 | AG32: 0 | AH32: =SUM(AD32:AG32) -> 195088.44 | AI32: 0 | AJ32: =+W32-AH32-AI32 -> 4295766.6 | AM32: 4877211 | AN32: 4877211 | AO32: =+W32+X32+AA32 -> 4743982.3 | AP32: =IF(AO32*$AP$7>500000,500000,AO32*$AP$7) -> 237199.11 | AQ32: =+AO32-AP32-AD32-AE32 -> 4360466.8 | AR32: =+AQ32*$AR$7 -> 52325602 | AS32: =IF(D32="TK",54000000,(IF(OR(D32="TK1",D32="K"),58500000,(IF(OR(D32="TK2",D32="K1"),63000000,(IF(OR(OR(D32="TK3",D32="TK4"),D32="K2"),67500000,72000000))))))) -> 54000000 | AT32: =IF((+AR32-AS32)<=0,0,TRUNC((AR32-AS32)/1000)*1000) -> 0 | AU32: =IF(AT32<=60000000,AT32*5%,IF(AT32<=250000000,3000000+((AT32-60000000)*15%),IF(AT32<=500000000,31500000+((AT32-250000000)*25%),IF(AND(AT32>=500000000,AT32<=5000000000),94000000+((AT32-500000000)*30%),IF(AT32>5000000000,(1444000000+(AT32-5000000000)*35%)))))) -> 0 | AV32: 0
A33: 25 | B33: ICAS IRAWAN | C33: PRINTER | D33: TK | E33: 3201022112020001 | F33: 30 | G33: 118748 | H33: 4394855 | I33: 0 | J33: 0 | K33: 0 | O33: 0 | P33: =+H33/173 -> 25403.786 | Q33: =+O33*P33 -> 0 | R33: =+N33+Q33 -> 0 | U33: 96000 | W33: =+H33+I33+J33+K33+R33+U33+V33 -> 4490855 | X33: =+AM33*$X$7 -> 58038.811 | Y33: =+AM33*$Y$7 -> 97544.22 | Z33: =+AM33*$Z$7 -> 97544.22 | AA33: =+AN33*$AA$7 -> 195088.44 | AB33: =SUM(X33:AA33) -> 448215.69 | AC33: =+W33+AB33 -> 4939070.7 | AD33: =+AM33*$AD$7 -> 97544.22 | AE33: =+AM33*$AE$7 -> 48772.11 | AF33: =+AN33*$AF$7 -> 48772.11 | AG33: 0 | AH33: =SUM(AD33:AG33) -> 195088.44 | AI33: 0 | AJ33: =+W33-AH33-AI33 -> 4295766.6 | AM33: 4877211 | AN33: 4877211 | AO33: =+W33+X33+AA33 -> 4743982.3 | AP33: =IF(AO33*$AP$7>500000,500000,AO33*$AP$7) -> 237199.11 | AQ33: =+AO33-AP33-AD33-AE33 -> 4360466.8 | AR33: =+AQ33*$AR$7 -> 52325602 | AS33: =IF(D33="TK",54000000,(IF(OR(D33="TK1",D33="K"),58500000,(IF(OR(D33="TK2",D33="K1"),63000000,(IF(OR(OR(D33="TK3",D33="TK4"),D33="K2"),67500000,72000000))))))) -> 54000000 | AT33: =IF((+AR33-AS33)<=0,0,TRUNC((AR33-AS33)/1000)*1000) -> 0 | AU33: =IF(AT33<=60000000,AT33*5%,IF(AT33<=250000000,3000000+((AT33-60000000)*15%),IF(AT33<=500000000,31500000+((AT33-250000000)*25%),IF(AND(AT33>=500000000,AT33<=5000000000),94000000+((AT33-500000000)*30%),IF(AT33>5000000000,(1444000000+(AT33-5000000000)*35%)))))) -> 0 | AV33: 0
A34: 26 | B34: MUHAMMAD NASWAN | C34: SLITTER | D34: TK | E34: 3201020202060004 | F34: 29 | G34: 118748 | H34: 4394855 | I34: 0 | J34: 0 | K34: 0 | O34: 0 | P34: =+H34/173 -> 25403.786 | Q34: =+O34*P34 -> 0 | R34: =+N34+Q34 -> 0 | U34: 92000 | W34: =+H34+I34+J34+K34+R34+U34+V34 -> 4486855 | X34: =+AM34*$X$7 -> 58038.811 | Y34: =+AM34*$Y$7 -> 97544.22 | Z34: =+AM34*$Z$7 -> 97544.22 | AA34: =+AN34*$AA$7 -> 195088.44 | AB34: =SUM(X34:AA34) -> 448215.69 | AC34: =+W34+AB34 -> 4935070.7 | AD34: =+AM34*$AD$7 -> 97544.22 | AE34: =+AM34*$AE$7 -> 48772.11 | AF34: =+AN34*$AF$7 -> 48772.11 | AG34: 0 | AH34: =SUM(AD34:AG34) -> 195088.44 | AI34: 0 | AJ34: =+W34-AH34-AI34 -> 4291766.6 | AM34: 4877211 | AN34: 4877211 | AO34: =+W34+X34+AA34 -> 4739982.3 | AP34: =IF(AO34*$AP$7>500000,500000,AO34*$AP$7) -> 236999.11 | AQ34: =+AO34-AP34-AD34-AE34 -> 4356666.8 | AR34: =+AQ34*$AR$7 -> 52280002 | AS34: =IF(D34="TK",54000000,(IF(OR(D34="TK1",D34="K"),58500000,(IF(OR(D34="TK2",D34="K1"),63000000,(IF(OR(OR(D34="TK3",D34="TK4"),D34="K2"),67500000,72000000))))))) -> 54000000 | AT34: =IF((+AR34-AS34)<=0,0,TRUNC((AR34-AS34)/1000)*1000) -> 0 | AU34: =IF(AT34<=60000000,AT34*5%,IF(AT34<=250000000,3000000+((AT34-60000000)*15%),IF(AT34<=500000000,31500000+((AT34-250000000)*25%),IF(AND(AT34>=500000000,AT34<=5000000000),94000000+((AT34-500000000)*30%),IF(AT34>5000000000,(1444000000+(AT34-5000000000)*35%)))))) -> 0 | AV34: 0
A35: 27 | B35: MUAMMAR IBAD NASHIH | C35: SLOTTER | D35: TK | E35: 3201023008060002 | F35: 29 | G35: 118748 | H35: 4394855 | I35: 0 | J35: 0 | K35: 0 | O35: 0 | P35: =+H35/173 -> 25403.786 | Q35: =+O35*P35 -> 0 | R35: =+N35+Q35 -> 0 | U35: 96000 | W35: =+H35+I35+J35+K35+R35+U35+V35 -> 4490855 | X35: =+AM35*$X$7 -> 58038.811 | Y35: =+AM35*$Y$7 -> 97544.22 | Z35: =+AM35*$Z$7 -> 97544.22 | AA35: =+AN35*$AA$7 -> 195088.44 | AB35: =SUM(X35:AA35) -> 448215.69 | AC35: =+W35+AB35 -> 4939070.7 | AD35: =+AM35*$AD$7 -> 97544.22 | AE35: =+AM35*$AE$7 -> 48772.11 | AF35: =+AN35*$AF$7 -> 48772.11 | AG35: 0 | AH35: =SUM(AD35:AG35) -> 195088.44 | AI35: 0 | AJ35: =+W35-AH35-AI35 -> 4295766.6 | AM35: 4877211 | AN35: 4877211 | AO35: =+W35+X35+AA35 -> 4743982.3 | AP35: =IF(AO35*$AP$7>500000,500000,AO35*$AP$7) -> 237199.11 | AQ35: =+AO35-AP35-AD35-AE35 -> 4360466.8 | AR35: =+AQ35*$AR$7 -> 52325602 | AS35: =IF(D35="TK",54000000,(IF(OR(D35="TK1",D35="K"),58500000,(IF(OR(D35="TK2",D35="K1"),63000000,(IF(OR(OR(D35="TK3",D35="TK4"),D35="K2"),67500000,72000000))))))) -> 54000000 | AT35: =IF((+AR35-AS35)<=0,0,TRUNC((AR35-AS35)/1000)*1000) -> 0 | AU35: =IF(AT35<=60000000,AT35*5%,IF(AT35<=250000000,3000000+((AT35-60000000)*15%),IF(AT35<=500000000,31500000+((AT35-250000000)*25%),IF(AND(AT35>=500000000,AT35<=5000000000),94000000+((AT35-500000000)*30%),IF(AT35>5000000000,(1444000000+(AT35-5000000000)*35%)))))) -> 0 | AV35: 0
A36: 28 | B36: ELIS MAWATI | C36: BANDING | D36: TK | E36: 3201324203960001 | F36: 30 | G36: 118748 | H36: 4394855 | I36: 0 | J36: 0 | K36: 0 | O36: 0 | P36: =+H36/173 -> 25403.786 | Q36: =+O36*P36 -> 0 | R36: =+N36+Q36 -> 0 | S36: =+U36/T36 -> 23 | T36: 4000 | U36: 92000 | W36: =+H36+I36+J36+K36+R36+U36+V36 -> 4486855 | X36: =+AM36*$X$7 -> 58038.811 | Y36: =+AM36*$Y$7 -> 97544.22 | Z36: =+AM36*$Z$7 -> 97544.22 | AA36: =+AN36*$AA$7 -> 195088.44 | AB36: =SUM(X36:AA36) -> 448215.69 | AC36: =+W36+AB36 -> 4935070.7 | AD36: =+AM36*$AD$7 -> 97544.22 | AE36: =+AM36*$AE$7 -> 48772.11 | AF36: =+AN36*$AF$7 -> 48772.11 | AG36: 0 | AH36: =SUM(AD36:AG36) -> 195088.44 | AI36: 0 | AJ36: =+W36-AH36-AI36 -> 4291766.6 | AM36: 4877211 | AN36: 4877211 | AO36: =+W36+X36+AA36 -> 4739982.3 | AP36: =IF(AO36*$AP$7>500000,500000,AO36*$AP$7) -> 236999.11 | AQ36: =+AO36-AP36-AD36-AE36 -> 4356666.8 | AR36: =+AQ36*$AR$7 -> 52280002 | AS36: =IF(D36="TK",54000000,(IF(OR(D36="TK1",D36="K"),58500000,(IF(OR(D36="TK2",D36="K1"),63000000,(IF(OR(OR(D36="TK3",D36="TK4"),D36="K2"),67500000,72000000))))))) -> 54000000 | AT36: =IF((+AR36-AS36)<=0,0,TRUNC((AR36-AS36)/1000)*1000) -> 0 | AU36: =IF(AT36<=60000000,AT36*5%,IF(AT36<=250000000,3000000+((AT36-60000000)*15%),IF(AT36<=500000000,31500000+((AT36-250000000)*25%),IF(AND(AT36>=500000000,AT36<=5000000000),94000000+((AT36-500000000)*30%),IF(AT36>5000000000,(1444000000+(AT36-5000000000)*35%)))))) -> 0 | AV36: =AU36/#REF! -> #REF!
A37: 29 | B37: APRILIANI | C37: LEM A | D37: TK | E37: 3201026307960004 | F37: 30 | G37: 118748 | H37: 4394855 | I37: 0 | J37: 0 | K37: 0 | O37: 0 | P37: =+H37/173 -> 25403.786 | Q37: =+O37*P37 -> 0 | R37: =+N37+Q37 -> 0 | S37: =+U37/T37 -> 23 | T37: 4000 | U37: 92000 | W37: =+H37+I37+J37+K37+R37+U37+V37 -> 4486855 | X37: =+AM37*$X$7 -> 58038.811 | Y37: =+AM37*$Y$7 -> 97544.22 | Z37: =+AM37*$Z$7 -> 97544.22 | AA37: =+AN37*$AA$7 -> 195088.44 | AB37: =SUM(X37:AA37) -> 448215.69 | AC37: =+W37+AB37 -> 4935070.7 | AD37: =+AM37*$AD$7 -> 97544.22 | AE37: =+AM37*$AE$7 -> 48772.11 | AF37: =+AN37*$AF$7 -> 48772.11 | AG37: 0 | AH37: =SUM(AD37:AG37) -> 195088.44 | AI37: 0 | AJ37: =+W37-AH37-AI37 -> 4291766.6 | AM37: 4877211 | AN37: 4877211 | AO37: =+W37+X37+AA37 -> 4739982.3 | AP37: =IF(AO37*$AP$7>500000,500000,AO37*$AP$7) -> 236999.11 | AQ37: =+AO37-AP37-AD37-AE37 -> 4356666.8 | AR37: =+AQ37*$AR$7 -> 52280002 | AS37: =IF(D37="TK",54000000,(IF(OR(D37="TK1",D37="K"),58500000,(IF(OR(D37="TK2",D37="K1"),63000000,(IF(OR(OR(D37="TK3",D37="TK4"),D37="K2"),67500000,72000000))))))) -> 54000000 | AT37: =IF((+AR37-AS37)<=0,0,TRUNC((AR37-AS37)/1000)*1000) -> 0 | AU37: =IF(AT37<=60000000,AT37*5%,IF(AT37<=250000000,3000000+((AT37-60000000)*15%),IF(AT37<=500000000,31500000+((AT37-250000000)*25%),IF(AND(AT37>=500000000,AT37<=5000000000),94000000+((AT37-500000000)*30%),IF(AT37>5000000000,(1444000000+(AT37-5000000000)*35%)))))) -> 0 | AV37: =AU37/#REF! -> #REF!
A38: 30 | B38: SINTA AYU LESTARI | C38: BANDING | D38: TK | E38: 3201325707000004 | F38: 30 | G38: 118748 | H38: 4394855 | I38: 0 | J38: 0 | K38: 0 | O38: 0 | P38: =+H38/173 -> 25403.786 | Q38: =+O38*P38 -> 0 | R38: =+N38+Q38 -> 0 | S38: =+U38/T38 -> 23 | T38: 4000 | U38: 92000 | W38: =+H38+I38+J38+K38+R38+U38+V38 -> 4486855 | X38: =+AM38*$X$7 -> 58038.811 | Y38: =+AM38*$Y$7 -> 97544.22 | Z38: =+AM38*$Z$7 -> 97544.22 | AA38: =+AN38*$AA$7 -> 195088.44 | AB38: =SUM(X38:AA38) -> 448215.69 | AC38: =+W38+AB38 -> 4935070.7 | AD38: =+AM38*$AD$7 -> 97544.22 | AE38: =+AM38*$AE$7 -> 48772.11 | AF38: =+AN38*$AF$7 -> 48772.11 | AG38: 0 | AH38: =SUM(AD38:AG38) -> 195088.44 | AI38: 0 | AJ38: =+W38-AH38-AI38 -> 4291766.6 | AM38: 4877211 | AN38: 4877211 | AO38: =+W38+X38+AA38 -> 4739982.3 | AP38: =IF(AO38*$AP$7>500000,500000,AO38*$AP$7) -> 236999.11 | AQ38: =+AO38-AP38-AD38-AE38 -> 4356666.8 | AR38: =+AQ38*$AR$7 -> 52280002 | AS38: =IF(D38="TK",54000000,(IF(OR(D38="TK1",D38="K"),58500000,(IF(OR(D38="TK2",D38="K1"),63000000,(IF(OR(OR(D38="TK3",D38="TK4"),D38="K2"),67500000,72000000))))))) -> 54000000 | AT38: =IF((+AR38-AS38)<=0,0,TRUNC((AR38-AS38)/1000)*1000) -> 0 | AU38: =IF(AT38<=60000000,AT38*5%,IF(AT38<=250000000,3000000+((AT38-60000000)*15%),IF(AT38<=500000000,31500000+((AT38-250000000)*25%),IF(AND(AT38>=500000000,AT38<=5000000000),94000000+((AT38-500000000)*30%),IF(AT38>5000000000,(1444000000+(AT38-5000000000)*35%)))))) -> 0 | AV38: =AU38/#REF! -> #REF!
A39: 31 | B39: YULI | C39: BANDING | D39: TK | E39: 3201326405990003 | F39: 30 | G39: 118748 | H39: 4394855 | I39: 0 | J39: 0 | K39: 0 | O39: 0 | P39: =+H39/173 -> 25403.786 | Q39: =+O39*P39 -> 0 | R39: =+N39+Q39 -> 0 | S39: =+U39/T39 -> 23 | T39: 4000 | U39: 92000 | W39: =+H39+I39+J39+K39+R39+U39+V39 -> 4486855 | X39: =+AM39*$X$7 -> 58038.811 | Y39: =+AM39*$Y$7 -> 97544.22 | Z39: =+AM39*$Z$7 -> 97544.22 | AA39: =+AN39*$AA$7 -> 195088.44 | AB39: =SUM(X39:AA39) -> 448215.69 | AC39: =+W39+AB39 -> 4935070.7 | AD39: =+AM39*$AD$7 -> 97544.22 | AE39: =+AM39*$AE$7 -> 48772.11 | AF39: =+AN39*$AF$7 -> 48772.11 | AG39: 0 | AH39: =SUM(AD39:AG39) -> 195088.44 | AI39: 0 | AJ39: =+W39-AH39-AI39 -> 4291766.6 | AM39: 4877211 | AN39: 4877211 | AO39: =+W39+X39+AA39 -> 4739982.3 | AP39: =IF(AO39*$AP$7>500000,500000,AO39*$AP$7) -> 236999.11 | AQ39: =+AO39-AP39-AD39-AE39 -> 4356666.8 | AR39: =+AQ39*$AR$7 -> 52280002 | AS39: =IF(D39="TK",54000000,(IF(OR(D39="TK1",D39="K"),58500000,(IF(OR(D39="TK2",D39="K1"),63000000,(IF(OR(OR(D39="TK3",D39="TK4"),D39="K2"),67500000,72000000))))))) -> 54000000 | AT39: =IF((+AR39-AS39)<=0,0,TRUNC((AR39-AS39)/1000)*1000) -> 0 | AU39: =IF(AT39<=60000000,AT39*5%,IF(AT39<=250000000,3000000+((AT39-60000000)*15%),IF(AT39<=500000000,31500000+((AT39-250000000)*25%),IF(AND(AT39>=500000000,AT39<=5000000000),94000000+((AT39-500000000)*30%),IF(AT39>5000000000,(1444000000+(AT39-5000000000)*35%)))))) -> 0 | AV39: =AU39/#REF! -> #REF!
A40: 32 | B40: NOVITA SARI | C40: LEM A | D40: TK | E40: 3201021206870016 | F40: 30 | G40: 118748 | H40: 4394855 | I40: 0 | J40: 0 | K40: 0 | O40: 0 | P40: =+H40/173 -> 25403.786 | Q40: =+O40*P40 -> 0 | R40: =+N40+Q40 -> 0 | S40: =+U40/T40 -> 23 | T40: 4000 | U40: 92000 | W40: =+H40+I40+J40+K40+R40+U40+V40 -> 4486855 | X40: =+AM40*$X$7 -> 58038.811 | Y40: =+AM40*$Y$7 -> 97544.22 | Z40: =+AM40*$Z$7 -> 97544.22 | AA40: =+AN40*$AA$7 -> 195088.44 | AB40: =SUM(X40:AA40) -> 448215.69 | AC40: =+W40+AB40 -> 4935070.7 | AD40: =+AM40*$AD$7 -> 97544.22 | AE40: =+AM40*$AE$7 -> 48772.11 | AF40: =+AN40*$AF$7 -> 48772.11 | AG40: 0 | AH40: =SUM(AD40:AG40) -> 195088.44 | AI40: 0 | AJ40: =+W40-AH40-AI40 -> 4291766.6 | AM40: 4877211 | AN40: 4877211 | AO40: =+W40+X40+AA40 -> 4739982.3 | AP40: =IF(AO40*$AP$7>500000,500000,AO40*$AP$7) -> 236999.11 | AQ40: =+AO40-AP40-AD40-AE40 -> 4356666.8 | AR40: =+AQ40*$AR$7 -> 52280002 | AS40: =IF(D40="TK",54000000,(IF(OR(D40="TK1",D40="K"),58500000,(IF(OR(D40="TK2",D40="K1"),63000000,(IF(OR(OR(D40="TK3",D40="TK4"),D40="K2"),67500000,72000000))))))) -> 54000000 | AT40: =IF((+AR40-AS40)<=0,0,TRUNC((AR40-AS40)/1000)*1000) -> 0 | AU40: =IF(AT40<=60000000,AT40*5%,IF(AT40<=250000000,3000000+((AT40-60000000)*15%),IF(AT40<=500000000,31500000+((AT40-250000000)*25%),IF(AND(AT40>=500000000,AT40<=5000000000),94000000+((AT40-500000000)*30%),IF(AT40>5000000000,(1444000000+(AT40-5000000000)*35%)))))) -> 0 | AV40: =AU40/#REF! -> #REF!
A41: 33 | B41: RESTI APRILIA | C41: BANDING | D41: TK | E41: 3201024207030002 | F41: 30 | G41: 118748 | H41: 4394855 | I41: 0 | J41: 0 | K41: 0 | O41: 0 | P41: =+H41/173 -> 25403.786 | Q41: =+O41*P41 -> 0 | R41: =+N41+Q41 -> 0 | S41: =+U41/T41 -> 23 | T41: 4000 | U41: 92000 | W41: =+H41+I41+J41+K41+R41+U41+V41 -> 4486855 | X41: =+AM41*$X$7 -> 58038.811 | Y41: =+AM41*$Y$7 -> 97544.22 | Z41: =+AM41*$Z$7 -> 97544.22 | AA41: =+AN41*$AA$7 -> 195088.44 | AB41: =SUM(X41:AA41) -> 448215.69 | AC41: =+W41+AB41 -> 4935070.7 | AD41: =+AM41*$AD$7 -> 97544.22 | AE41: =+AM41*$AE$7 -> 48772.11 | AF41: =+AN41*$AF$7 -> 48772.11 | AG41: 0 | AH41: =SUM(AD41:AG41) -> 195088.44 | AI41: 0 | AJ41: =+W41-AH41-AI41 -> 4291766.6 | AM41: 4877211 | AN41: 4877211 | AO41: =+W41+X41+AA41 -> 4739982.3 | AP41: =IF(AO41*$AP$7>500000,500000,AO41*$AP$7) -> 236999.11 | AQ41: =+AO41-AP41-AD41-AE41 -> 4356666.8 | AR41: =+AQ41*$AR$7 -> 52280002 | AS41: =IF(D41="TK",54000000,(IF(OR(D41="TK1",D41="K"),58500000,(IF(OR(D41="TK2",D41="K1"),63000000,(IF(OR(OR(D41="TK3",D41="TK4"),D41="K2"),67500000,72000000))))))) -> 54000000 | AT41: =IF((+AR41-AS41)<=0,0,TRUNC((AR41-AS41)/1000)*1000) -> 0 | AU41: =IF(AT41<=60000000,AT41*5%,IF(AT41<=250000000,3000000+((AT41-60000000)*15%),IF(AT41<=500000000,31500000+((AT41-250000000)*25%),IF(AND(AT41>=500000000,AT41<=5000000000),94000000+((AT41-500000000)*30%),IF(AT41>5000000000,(1444000000+(AT41-5000000000)*35%)))))) -> 0 | AV41: =AU41/#REF! -> #REF!
A42: 34 | B42: AMELIA PUTRI RAHAYU | C42: BANDING | D42: TK | E42: 3201025402020004 | F42: 30 | G42: 118748 | H42: 4394855 | I42: 0 | J42: 0 | K42: 0 | O42: 0 | P42: =+H42/173 -> 25403.786 | Q42: =+O42*P42 -> 0 | R42: =+N42+Q42 -> 0 | S42: =+U42/T42 -> 23 | T42: 4000 | U42: 92000 | W42: =+H42+I42+J42+K42+R42+U42+V42 -> 4486855 | X42: =+AM42*$X$7 -> 58038.811 | Y42: =+AM42*$Y$7 -> 97544.22 | Z42: =+AM42*$Z$7 -> 97544.22 | AA42: =+AN42*$AA$7 -> 195088.44 | AB42: =SUM(X42:AA42) -> 448215.69 | AC42: =+W42+AB42 -> 4935070.7 | AD42: =+AM42*$AD$7 -> 97544.22 | AE42: =+AM42*$AE$7 -> 48772.11 | AF42: =+AN42*$AF$7 -> 48772.11 | AG42: 0 | AH42: =SUM(AD42:AG42) -> 195088.44 | AI42: 0 | AJ42: =+W42-AH42-AI42 -> 4291766.6 | AM42: 4877211 | AN42: 4877211 | AO42: =+W42+X42+AA42 -> 4739982.3 | AP42: =IF(AO42*$AP$7>500000,500000,AO42*$AP$7) -> 236999.11 | AQ42: =+AO42-AP42-AD42-AE42 -> 4356666.8 | AR42: =+AQ42*$AR$7 -> 52280002 | AS42: =IF(D42="TK",54000000,(IF(OR(D42="TK1",D42="K"),58500000,(IF(OR(D42="TK2",D42="K1"),63000000,(IF(OR(OR(D42="TK3",D42="TK4"),D42="K2"),67500000,72000000))))))) -> 54000000 | AT42: =IF((+AR42-AS42)<=0,0,TRUNC((AR42-AS42)/1000)*1000) -> 0 | AU42: =IF(AT42<=60000000,AT42*5%,IF(AT42<=250000000,3000000+((AT42-60000000)*15%),IF(AT42<=500000000,31500000+((AT42-250000000)*25%),IF(AND(AT42>=500000000,AT42<=5000000000),94000000+((AT42-500000000)*30%),IF(AT42>5000000000,(1444000000+(AT42-5000000000)*35%)))))) -> 0 | AV42: =AU42/#REF! -> #REF!
A44: SUB TOTAL | H44: =SUM(H8:H43) -> 150125070 | I44: =SUM(I8:I43) -> 560000 | J44: =SUM(J8:J43) -> 410000 | K44: =SUM(K8:K43) -> 0 | L44: =SUM(L8:L43) -> 0 | N44: =SUM(N8:N43) -> 0 | O44: =SUM(O8:O43) -> 138.5 | Q44: =SUM(Q8:Q43) -> 3590967.7 | R44: =SUM(R8:R43) -> 3590967.7 | S44: =SUM(S8:S43) -> 604 | T44: =SUM(T8:T43) -> 104000 | U44: =SUM(U8:U43) -> 3164000 | V44: =SUM(V8:V43) -> 0 | W44: =SUM(W8:W43) -> 1.5785004e+08 | X44: =SUM(X8:X43) -> 1973319.6 | ... AF44: =SUM(AF8:AF43) -> 1658251.7 | AG44: =SUM(AG7:AG43) -> 146316.34 | AH44: =SUM(AH8:AH43) -> 6779323.3 | AI44: =SUM(AI8:AI43) -> 64718 | AJ44: =SUM(AJ8:AJ43) -> 1.51006e+08 | AM44: =+#REF!-#REF! -> #REF!
V45: =+V44 -> 0 | W45: =+W44+X44+AA44 -> 1.6645636e+08 | X45: =+X44+Y44+Z44+AD44+AE44 -> 13581082 | AA45: =+AA44+AF44+AG44 -> 8437575 | AC45: =+X44+Y44+Z44+AD44+AE44 -> 13581082 | AH45: =+AA44+AF44+AG44 -> 8437575 | AI45: =+AI44 -> 64718 | AJ45: =+AJ44 -> 1.51006e+08
H47: =SUM(H9:H33) -> 110571375 | I47: =SUM(I9:I33) -> 560000 | J47: =SUM(J9:J33) -> 410000 | K47: =SUM(K9:K33) -> 0 | L47: =SUM(L9:L33) -> 0 | M47: =SUM(M9:M33) -> 301618 | N47: =SUM(N9:N33) -> 0 | O47: =SUM(O9:O33) -> 138.5 | ... AI47: =SUM(AI9:AI33) -> 64718 | AJ47: =SUM(AJ44) -> 1.51006e+08 | AO47: 25000
H48: =+'PRODUKSI 1'!H45 -> 158719925 | I48: =+'PRODUKSI 1'!I45 -> 1800000 | J48: =+'PRODUKSI 1'!J45 -> 1850000 | K48: =+'PRODUKSI 1'!K45 -> 0 | L48: =+'PRODUKSI 1'!L45 -> 0 | M48: =+'PRODUKSI 1'!M45 -> 0 | N48: =+'PRODUKSI 1'!N45 -> 0 | O48: =+'PRODUKSI 1'!L45:Q45 -> 190.5 | Q48: =+'PRODUKSI 1'!R45 -> 5035086 | S48: =+S47+'PRODUKSI 1'!#REF! -> #REF! | U48: =+'PRODUKSI 1'!S45 -> 2968000 | V48: =+V47+'PRODUKSI 1'!T45 -> 0 | W48: =+'PRODUKSI 1'!V45 -> 1.7037301e+08 | X48: =+'PRODUKSI 1'!W45 -> 2031358.4 | Y48: =+'PRODUKSI 1'!X45 -> 3414047.7 | Z48: =+'PRODUKSI 1'!Y45 -> 3414047.7 | AA48: =+'PRODUKSI 1'!Z45 -> 6828095.4 | AB48: =+'PRODUKSI 1'!AA45 -> 15687549 | AC48: =+'PRODUKSI 1'!AB45 -> 1.8606056e+08 | AD48: =+'PRODUKSI 1'!AC45 -> 3414047.7 | ... AF48: =+'PRODUKSI 1'!AE45 -> 1707023.9 | AH48: =+'PRODUKSI 1'!AG45 -> 7071955.6 | AI48: =+'PRODUKSI 1'!AH45 -> 43937 | AJ48: =+'PRODUKSI 1'!AI45 -> 1.6325712e+08 | AO48: 12.2
AO49: =+AO47*AO48 -> 305000
H50: =SUM(H47:H49) -> 269291300 | I50: =SUM(I47:I49) -> 2360000 | J50: =SUM(J47:J49) -> 2260000 | K50: =SUM(K47:K49) -> 0 | L50: =SUM(L47:L49) -> 0 | M50: =SUM(M47:M49) -> 301618 | N50: =SUM(N47:N49) -> 0 | O50: =SUM(O47:O49) -> 329 | ... AJ50: =SUM(AJ47:AJ49) -> 3.1426311e+08 | AO50: 0
AJ51: -25490017 | AO51: =+AO49+AO50 -> 305000 | AQ51: =136100-116500 -> 19600
AJ52: -28290894 | AO52: =3500*12.2 -> 42700 | AQ52: =+AQ51*11.9 -> 233240
AJ53: =SUM(AJ50:AJ52) -> 2.604822e+08 | AO53: =100*185 -> 18500
AO54: =+AO51+AO52+AO53 -> 366200 | AQ54: =136100*11.9 -> 1619590
AO55: 30000
AO56: =+AO54+AO55 -> 396200

Sheet SLIP-PRODUKSI 2
B4: SLIP GAJI | L4: SLIP GAJI
B5: No. Urut | C5: : | D5: 1 | L5: No. Urut | M5: : | N5: 2
B6: Periode | C6: : | D6: 01 JANUARI S/D 31 JANUARI 2025 | L6: Periode | M6: : | N6: 01 JANUARI S/D 31 JANUARI 2025
B7: Nama Karyawan | C7: : | D7: =+'PRODUKSI 2'!B9 -> PANJI AGUNG DEWANTARA | L7: Nama Karyawan | M7: : | N7: =+'PRODUKSI 2'!#REF! -> #REF!
B8: Bagian / Jabatan | C8: : | D8: =+'PRODUKSI 2'!C9 -> PRINTER 4 | L8: Bagian / Jabatan | M8: : | N8: =+'PRODUKSI 2'!#REF! -> #REF!
B10: PENERIMAAN | L10: PENERIMAAN
B11: GAJI POKOK | H11: =+'PRODUKSI 2'!H9 -> 4494855 | L11: GAJI POKOK | R11: =+'PRODUKSI 2'!#REF! -> #REF!
B12: TUNJANGAN JABATAN | H12: =+'PRODUKSI 2'!I9 -> 0 | L12: TUNJANGAN JABATAN | R12: =+'PRODUKSI 2'!#REF! -> #REF!
B13: TUNJANGAN PRESTASI | H13: =+'PRODUKSI 2'!J9 -> 0 | L13: TUNJANGAN PRESTASI | R13: =+'PRODUKSI 2'!#REF! -> #REF!
B14: TUNJANGAN INSENTIF | H14: =+'PRODUKSI 2'!K9 -> 0 | L14: TUNJANGAN INSENTIF | R14: =+'PRODUKSI 2'!#REF! -> #REF!
B15: TUNJANGAN BPJS | H15: =+'PRODUKSI 2'!AB9 -> 448215.69 | L15: TUNJANGAN BPJS | R15: =+'PRODUKSI 2'!#REF! -> #REF!
B16: UANG MAKAN | H16: =+'PRODUKSI 2'!U9 -> 76000 | L16: UANG MAKAN | R16: =+'PRODUKSI 2'!#REF! -> #REF!
B17: LEMBUR | L17: LEMBUR
B18: HL/HM/HR | D18: 0 | E18: JAM | F18: X | G18: 23768 | H18: =G18*D18 -> 0 | L18: HL/HM/HR | N18: 0 | O18: JAM | P18: X | Q18: 23015 | R18: =Q18*N18 -> 0
B19: H.BIASA | D19: 0 | E19: JAM | F19: X | G19: =G18 -> 23768 | H19: =G19*D19 -> 0 | L19: H.BIASA | N19: 26 | O19: JAM | P19: X | Q19: =Q18 -> 23015 | R19: =Q19*N19 -> 598390
B20: TOTAL | D20: =SUM(D17:D19) -> 0 | H20: =SUM(H11:H19) -> 5019070.7 | L20: TOTAL | N20: =SUM(N17:N19) -> 26 | R20: =SUM(R11:R19) -> #REF!
B21: POTONGAN | L21: POTONGAN
B22: PPH 21 | G22: =+'PRODUKSI 2'!D9 -> TK | H22: =+'PRODUKSI 2'!AI9 -> 0 | L22: PPH 21 | Q22: =+'PRODUKSI 2'!#REF! -> #REF! | R22: =+'PRODUKSI 2'!#REF! -> #REF!
B23: BPJS KES 1% | H23: =+'PRODUKSI 2'!AF9+'PRODUKSI 2'!AG9 -> 48772.11 | L23: BPJS KES 1% | R23: =+'PRODUKSI 2'!#REF!+'PRODUKSI 2'!#REF! -> #REF!
B24: BPJS TK 3% | H24: =+'PRODUKSI 2'!AD9+'PRODUKSI 2'!AE9 -> 146316.33 | L24: BPJS TK 3% | R24: =+'PRODUKSI 2'!#REF!+'PRODUKSI 2'!#REF! -> #REF!
B25: BPJS DITANGGUNG PERUSAHAAN | H25: =+H15 -> 448215.69 | L25: BPJS DITANGGUNG PERUSAHAAN | R25: =+R15 -> #REF!
B26: TOTAL POTONGAN | H26: =SUM(H22:H25) -> 643304.13 | L26: TOTAL POTONGAN | R26: =SUM(R22:R25) -> #REF!
B27: TOTAL GAJI | H27: =H20-H26 -> 4375766.6 | L27: TOTAL GAJI | R27: =SUM(R20-R26) -> #REF!
B28: KAS SHIFT SANAN | H28: 10000 | L28: KAS NON SHIFT | R28: ='[2]Urutan Nm'!H68 -> 10000
B30: TOTAL GAJI DITERIMA | H30: =SUM(H27-H28) -> 4365766.6 | L30: TOTAL GAJI DITERIMA | R30: =SUM(R27-R28) -> #REF!
B31: DIBUAT | G31: DITERIMA | L31: DIBUAT | Q31: DITERIMA
B34: (__________________) | G34: (________________) | L34: (__________________) | Q34: (________________)
B40: SLIP GAJI | L40: SLIP GAJI
B41: No. Urut | C41: : | D41: 3 | L41: No. Urut | M41: : | N41: 4
B42: Periode | C42: : | D42: 01 JANUARI S/D 31 JANUARI 2025 | L42: Periode | M42: : | N42: 01 JANUARI S/D 31 JANUARI 2025
B43: Nama Karyawan | C43: : | D43: =+'PRODUKSI 2'!B10 -> DENDI JULIANA | L43: Nama Karyawan | M43: : | N43: =+'PRODUKSI 2'!B11 -> RISKI
B44: Bagian / Jabatan | C44: : | D44: =+'PRODUKSI 2'!C10 -> SLITER 1 | L44: Bagian / Jabatan | M44: : | N44: =+'PRODUKSI 2'!C11 -> OP SLITER 2
B46: PENERIMAAN | L46: PENERIMAAN
B47: GAJI POKOK | H47: =+'PRODUKSI 2'!H10 -> 4494855 | L47: GAJI POKOK | R47: =+'PRODUKSI 2'!H11 -> 4494855
B48: TUNJANGAN JABATAN | H48: =+'PRODUKSI 2'!I10 -> 80000 | L48: TUNJANGAN JABATAN | R48: =+'PRODUKSI 2'!I11 -> 80000
B49: TUNJANGAN PRESTASI | H49: =+'PRODUKSI 2'!J10 -> 80000 | L49: TUNJANGAN PRESTASI | R49: =+'PRODUKSI 2'!J11 -> 80000
B50: TUNJANGAN INSENTIF | H50: =+'PRODUKSI 2'!K10 -> 0 | L50: TUNJANGAN INSENTIF | R50: =+'PRODUKSI 2'!K11 -> 0
B51: TUNJANGAN BPJS | H51: =+'PRODUKSI 2'!AB10 -> 448215.69 | L51: TUNJANGAN BPJS | R51: =+'PRODUKSI 2'!AB11 -> 448215.69
B52: UANG MAKAN | H52: =+'PRODUKSI 2'!U10 -> 92000 | L52: UANG MAKAN | R52: =+'PRODUKSI 2'!U11 -> 96000
B53: LEMBUR | L53: LEMBUR
B54: HL/HM/HR | D54: 0 | E54: JAM | F54: X | G54: 23768 | H54: =G54*D54 -> 0 | L54: HL/HM/HR | N54: 0 | O54: JAM | P54: X | Q54: 23768 | R54: =Q54*N54 -> 0
B55: H.BIASA | D55: 0 | E55: JAM | F55: X | G55: =G54 -> 23768 | H55: =G55*D55 -> 0 | L55: H.BIASA | N55: 0 | O55: JAM | P55: X | Q55: =Q54 -> 23768 | R55: =Q55*N55 -> 0
B56: TOTAL | D56: =SUM(D53:D55) -> 0 | H56: =SUM(H47:H55) -> 5195070.7 | L56: TOTAL | N56: =SUM(N53:N55) -> 0 | R56: =SUM(R47:R55) -> 5199070.7
B57: POTONGAN | L57: POTONGAN
B58: PPH 21 | G58: =+'PRODUKSI 2'!D10 -> K | H58: =+'PRODUKSI 2'!AI10 -> 0 | L58: PPH 21 | Q58: =+'PRODUKSI 2'!D11 -> TK | R58: =+'PRODUKSI 2'!AI11 -> 0
B59: BPJS KES 1% | H59: =+'PRODUKSI 2'!AF10+'PRODUKSI 2'!AG10 -> 48772.11 | L59: BPJS KES 1% | R59: =+'PRODUKSI 2'!AF11+'PRODUKSI 2'!AG11 -> 48772.11
B60: BPJS TK 3% | H60: =+'PRODUKSI 2'!AD10+'PRODUKSI 2'!AE10 -> 146316.33 | L60: BPJS TK 3% | R60: =+'PRODUKSI 2'!AD11+'PRODUKSI 2'!AE11 -> 146316.33
B61: BPJS DITANGGUNG PERUSAHAAN | H61: =+H51 -> 448215.69 | L61: BPJS DITANGGUNG PERUSAHAAN | R61: =+R51 -> 448215.69
B62: TOTAL POTONGAN | H62: =SUM(H58:H61) -> 643304.13 | L62: TOTAL POTONGAN | R62: =SUM(R58:R61) -> 643304.13
B63: TOTAL GAJI | H63: =H56-H62 -> 4551766.6 | L63: TOTAL GAJI | R63: =SUM(R56-R62) -> 4555766.6
B64: KAS SHIFT INDRA | H64: 10000 | L64: KAS NON SHIFT | R64: 10000
B66: TOTAL GAJI DITERIMA | H66: =SUM(H63-H64) -> 4541766.6 | L66: TOTAL GAJI DITERIMA | R66: =SUM(R63-R64) -> 4545766.6
B67: DIBUAT | G67: DITERIMA | L67: DIBUAT | Q67: DITERIMA
B70: (__________________) | G70: (________________) | L70: (__________________) | Q70: (________________)
B77: SLIP GAJI | L77: SLIP GAJI
B78: No. Urut | C78: : | D78: 5 | L78: No. Urut | M78: : | N78: 6
B79: Periode | C79: : | D79: 01 JANUARI S/D 31 JANUARI 2025 | L79: Periode | M79: : | N79: 01 JANUARI S/D 31 JANUARI 2025
B80: Nama Karyawan | C80: : | D80: =+'PRODUKSI 2'!B12 -> SUHENDAR PERMANA | L80: Nama Karyawan | M80: : | N80: =+'PRODUKSI 2'!B13 -> ADRIAN OKTAVIANSYAH
B81: Bagian / Jabatan | C81: : | D81: =+'PRODUKSI 2'!C12 -> SLOTER | L81: Bagian / Jabatan | M81: : | N81: =+'PRODUKSI 2'!C13 -> DELIVERY
B83: PENERIMAAN | L83: PENERIMAAN
B84: GAJI POKOK | H84: =+'PRODUKSI 2'!H12 -> 4494855 | L84: GAJI POKOK | R84: =+'PRODUKSI 2'!H13 -> 4494855
B85: TUNJANGAN JABATAN | H85: =+'PRODUKSI 2'!I12 -> 80000 | L85: TUNJANGAN JABATAN | R85: =+'PRODUKSI 2'!I13 -> 0
B86: TUNJANGAN PRESTASI | H86: =+'PRODUKSI 2'!J12 -> 50000 | L86: TUNJANGAN PRESTASI | R86: =+'PRODUKSI 2'!J13 -> 0
B87: TUNJANGAN INSENTIF | H87: =+'PRODUKSI 2'!K12 -> 0 | L87: TUNJANGAN INSENTIF | R87: =+'PRODUKSI 2'!K13 -> 0
B88: TUNJANGAN BPJS | H88: =+'PRODUKSI 2'!AB12 -> 448215.69 | L88: TUNJANGAN BPJS | R88: =+'PRODUKSI 2'!AB13 -> 448215.69
B89: UANG MAKAN | H89: =+'PRODUKSI 2'!U12 -> 96000 | L89: UANG MAKAN | R89: =+'PRODUKSI 2'!U13 -> 76000
B90: LEMBUR | L90: LEMBUR
B91: HL/HM/HR | D91: 0 | E91: JAM | F91: X | G91: 23768 | H91: =G91*D91 -> 0 | L91: HL/HM/HR | N91: 0 | O91: JAM | P91: X | Q91: 23768 | R91: =Q91*N91 -> 0
B92: H.BIASA | D92: 0 | E92: JAM | F92: X | G92: =G91 -> 23768 | H92: =G92*D92 -> 0 | L92: H.BIASA | N92: 70.5 | O92: JAM | P92: X | Q92: =Q91 -> 23768 | R92: =Q92*N92 -> 1675644
B93: TOTAL | D93: =SUM(D90:D92) -> 0 | H93: =SUM(H84:H92) -> 5169070.7 | L93: TOTAL | N93: =SUM(N90:N92) -> 70.5 | R93: =SUM(R84:R92) -> 6694714.7
B94: POTONGAN | L94: POTONGAN
B95: PPH 21 | G95: =+'PRODUKSI 2'!D12 -> K | H95: =+'PRODUKSI 2'!AI12 -> 0 | L95: PPH 21 | Q95: =+'PRODUKSI 2'!D13 -> K1 | R95: =+'PRODUKSI 2'!AI13 -> 0
B96: BPJS KES 1% | H96: =+'PRODUKSI 2'!AF12+'PRODUKSI 2'!AG12 -> 97544.22 | L96: BPJS KES 1% | R96: =+'PRODUKSI 2'!AF13+'PRODUKSI 2'!AG13 -> 48772.11
B97: BPJS TK 3% | H97: =+'PRODUKSI 2'!AD12+'PRODUKSI 2'!AE12 -> 146316.33 | L97: BPJS TK 3% | R97: =+'PRODUKSI 2'!AD13+'PRODUKSI 2'!AE13 -> 146316.33
B98: BPJS DITANGGUNG PERUSAHAAN | H98: =+H88 -> 448215.69 | L98: BPJS DITANGGUNG PERUSAHAAN | R98: =+R88 -> 448215.69
B99: TOTAL POTONGAN | H99: =SUM(H95:H98) -> 692076.24 | L99: TOTAL POTONGAN | R99: =SUM(R95:R98) -> 643304.13
B100: TOTAL GAJI | H100: =H93-H99 -> 4476994.4 | L100: TOTAL GAJI | R100: =SUM(R93-R99) -> 6051410.6
B101: KAS SHIFT SANAN | H101: 10000 | L101: KAS NON SHIFT | R101: 10000
B103: TOTAL GAJI DITERIMA | H103: =SUM(H100-H101) -> 4466994.4 | L103: TOTAL GAJI DITERIMA | R103: =SUM(R100-R101) -> 6041410.6
B104: DIBUAT | G104: DITERIMA | L104: DIBUAT | Q104: DITERIMA
B107: (__________________) | G107: (________________) | L107: (__________________) | Q107: (________________)
B113: SLIP GAJI | L113: SLIP GAJI
B114: No. Urut | C114: : | D114: 7 | L114: No. Urut | M114: : | N114: 8
B115: Periode | C115: : | D115: 01 JANUARI S/D 31 JANUARI 2025 | L115: Periode | M115: : | N115: 01 JANUARI S/D 31 JANUARI 2025
B116: Nama Karyawan | C116: : | D116: =+'PRODUKSI 2'!B14 -> SITI MARFUAH | L116: Nama Karyawan | M116: : | N116: =+'PRODUKSI 2'!B15 -> REJA RAMADANI
B117: Bagian / Jabatan | C117: : | D117: =+'PRODUKSI 2'!C14 -> C. SERVICE | L117: Bagian / Jabatan | M117: : | N117: =+'PRODUKSI 2'!C15 -> DELIVERY
B119: PENERIMAAN | L119: PENERIMAAN
B120: GAJI POKOK | H120: =+'PRODUKSI 2'!H14 -> 4494855 | L120: GAJI POKOK | R120: =+'PRODUKSI 2'!H15 -> 4494855
B121: TUNJANGAN JABATAN | H121: =+'PRODUKSI 2'!I14 -> 0 | L121: TUNJANGAN JABATAN | R121: =+'PRODUKSI 2'!I15 -> 0
B122: TUNJANGAN PRESTASI | H122: =+'PRODUKSI 2'!J14 -> 0 | L122: TUNJANGAN PRESTASI | R122: =+'PRODUKSI 2'!J15 -> 0
B123: TUNJANGAN INSENTIF | H123: =+'PRODUKSI 2'!K14 -> 0 | L123: TUNJANGAN INSENTIF | R123: =+'PRODUKSI 2'!K15 -> 0
B124: TUNJANGAN BPJS | H124: =+'PRODUKSI 2'!AB14 -> 448215.69 | L124: TUNJANGAN BPJS | R124: =+'PRODUKSI 2'!AB15 -> 448215.69
B125: UANG MAKAN | H125: =+'PRODUKSI 2'!U14 -> 100000 | L125: UANG MAKAN | R125: =+'PRODUKSI 2'!U15 -> 100000
B126: LEMBUR | L126: LEMBUR
B127: HL/HM/HR | D127: 0 | E127: JAM | F127: X | G127: 18285 | H127: =G127*D127 -> 0 | L127: HL/HM/HR | N127: 0 | O127: JAM | P127: X | Q127: 23768 | R127: =Q127*N127 -> 0
B128: H.BIASA | D128: 0 | E128: JAM | F128: X | G128: =G127 -> 18285 | H128: =G128*D128 -> 0 | L128: H.BIASA | N128: 32 | O128: JAM | P128: X | Q128: =Q127 -> 23768 | R128: =Q128*N128 -> 760576
B129: TOTAL | D129: =SUM(D126:D128) -> 0 | H129: =SUM(H120:H128) -> 5043070.7 | L129: TOTAL | N129: =SUM(N126:N128) -> 32 | R129: =SUM(R120:R128) -> 5803646.7
B130: POTONGAN | L130: POTONGAN
B131: PPH 21 | G131: =+'PRODUKSI 2'!D14 -> TK | H131: =+'PRODUKSI 2'!AI14 -> 0 | L131: PPH 21 | Q131: =+'PRODUKSI 2'!D15 -> TK | R131: =+'PRODUKSI 2'!AI15 -> 64718
B132: BPJS KES 1% | H132: =+'PRODUKSI 2'!AF14+'PRODUKSI 2'!AG14 -> 48772.11 | L132: BPJS KES 1% | R132: =+'PRODUKSI 2'!AF15+'PRODUKSI 2'!AG15 -> 48772.11
...

Sheet DIREKSI ubah nama
A1: PT. INDOBOX UTAMA JAYA
A2: DAFTAR GAJI DIREKTUR
A3: PERIODE 01 NOVEMBER S/D 30 NOVEMBER 2025
A6: NO | B6: NAMA | C6: BAGIAN | D6: STS | E6: NIK | F6: GAJI | G6: BPJS DITANGGUNG PERUSAHAAN | K6: BPJS PER- USAHAAN | L6: TOTAL GAJI | N6: TOTAL GAJI SETELAH BPJS DAN PAJAK
G7: JKK JKM | H7: JHT | I7: JP | J7: BPJS KES | M7: PPh 21
G8: 0.0119 | H8: 0.057 | I8: 0.02 | J8: 0.05
A10: 1 | B10: KANG CHUL | C10: PRESIDEN DIREKTUR | D10: K2 | E10: 0077679652012000 | F10: =270000000-5045000 -> 264955000 | G10: 595000 | H10: 2850000 | I10: 1000000 | J10: 600000 | K10: =SUM(G10:J10) -> 5045000 | L10: =+F10+K10 -> 270000000 | M10: 75600000 | N10: =+F10-M10 -> 189355000
A12: SUB TOTAL | F12: =SUM(F10:F11) -> 264955000 | G12: =SUM(G10:G11) -> 595000 | H12: =SUM(H10:H11) -> 2850000 | I12: =SUM(I10:I11) -> 1000000 | J12: =SUM(J10:J11) -> 600000 | K12: =SUM(K10:K11) -> 5045000 | L12: =SUM(L10:L11) -> 270000000 | M12: =SUM(M10:M11) -> 75600000 | N12: =SUM(N10:N11) -> 189355000

Sheet STAFF ubah nama
A1: PT INDOBOX UTAMA JAYA
A2: DAFTAR GAJI STAFF
A3: PERIODE 01 NOVEMBER S/D 30 NOVEMBER 2025
A5: NO | B5: NAMA | C5: MASA | D5: JABATAN | E5: STS | F5: NIK | G5: GAJI POKOK | H5: LEMBUR | I5: TUNJANGAN | N5: TOTAL GAJI | O5: BPJS DITANGGUNG PERUSAHAAN | S5: BPJS PER- USAHAAN | T5: GAJI BRUTO | U5: BPJS DITANGGUNG KARYAWAN | Y5: POTONGAN | AA5: Gaji Setelah PPh 21 | AD5: BPJS TK | AE5: JKN | AF5: GAJI BRUTO | AG5: BIAYA JABATAN | AH5: GAJI NETTO | AI5: GAJI SETAHUN | AJ5: PTKP | AK5: PKP | AL5: PPH 21 SETAHUN | AM5: PPH 21 SEBULAN
C6: KERJA | I6: UANG JABATAN | J6: PRESTASI / | K6: BONUS | L6: UANG | M6: THR/ | O6: JKK JKM | P6: JHT | Q6: JP | R6: BPJS KES | U6: JHT | V6: JP | W6: BPJS KES | X6: TAMBAHAN | Y6: BPJS | Z6: PPh 21
L7: MAKAN | M7: BONUS | O7: 0.0119 | P7: 0.02 | Q7: 0.02 | R7: 0.04 | U7: 0.02 | V7: 0.01 | W7: 0.01 | X7: 0.01 | Y7: TK + KES | AA7: (THP) | AG7: 0.05 | AI7: 12
A9: 1 | B9: SILALAHI | C9: 12 | D9: CHIEF ACC. | E9: K1 | F9: 3603280210600004 | G9: 8500000 | I9: 0 | J9: 0 | K9: 0 | L9: 0 | N9: =SUM(G9:M9) -> 8500000 | O9: 0 | P9: 0 | Q9: 0 | R9: =+AE9*$R$7 -> 340000 | S9: =SUM(O9:R9) -> 340000 | T9: =+N9+S9 -> 8840000 | U9: 0 | V9: 0 | W9: =+AE9*$W$7 -> 85000 | X9: 0 | Y9: =SUM(U9:X9) -> 85000 | Z9: 88400 | AA9: =+N9-Y9-Z9 -> 8326600 | AB9: + | AD9: 0 | AE9: =+N9 -> 8500000 | AF9: =+N9+O9+R9 -> 8840000 | AG9: =IF(AF9*$AG$7>500000,500000,AF9*$AG$7) -> 442000 | AH9: =+AF9-AG9-U9-V9 -> 8398000 | AI9: =+AH9*$AI$7 -> 100776000 | AJ9: =IF(E9="TK",54000000,(IF(OR(E9="TK1",E9="K"),58500000,(IF(OR(E9="TK2",E9="K1"),63000000,(IF(OR(OR(E9="TK3",E9="TK4"),E9="K2"),67500000,72000000))))))) -> 63000000 | AK9: =IF((+AI9-AJ9)<=0,0,TRUNC((AI9-AJ9)/1000)*1000) -> 37776000 | AL9: =IF(AK9<=60000000,AK9*5%,IF(AK9<=250000000,3000000+((AK9-60000000)*15%),IF(AK9<=500000000,31500000+((AK9-250000000)*25%),IF(AND(AK9>=500000000,AK9<=5000000000),94000000+((AK9-500000000)*30%),IF(AK9>5000000000,(1444000000+(AK9-5000000000)*35%)))))) -> 1888800 | AM9: =+AL9/12 -> 157400
A10: 2 | B10: DWI | C10: 12 | D10: MARKETING | E10: TK | F10: 3201275203830011 | G10: 9450558 | I10: 500000 | J10: 0 | K10: 0 | L10: 0 | N10: =SUM(G10:M10) -> 9950558 | O10: =+AD10*$O$7 -> 112461.64 | P10: =+AD10*$P$7 -> 189011.16 | Q10: =+AD10*$Q$7 -> 189011.16 | R10: =+AE10*$R$7 -> 398022.32 | S10: =SUM(O10:R10) -> 888506.28 | T10: =+N10+S10 -> 10839064 | U10: =+AD10*$U$7 -> 189011.16 | V10: =+AD10*$V$7 -> 94505.58 | W10: =+AE10*$W$7 -> 99505.58 | X10: 0 | Y10: =SUM(U10:X10) -> 383022.32 | Z10: 261526 | AA10: =+N10-Y10-Z10 -> 9306009.7 | AD10: =+G10 -> 9450558 | AE10: =+N10 -> 9950558 | AF10: =+N10+O10+R10 -> 10461042 | AG10: =IF(AF10*$AG$7>500000,500000,AF10*$AG$7) -> 500000 | AH10: =+AF10-AG10-U10-V10 -> 9677525.2 | AI10: =+AH10*$AI$7 -> 1.161303e+08 | AJ10: =IF(E10="TK",54000000,(IF(OR(E10="TK1",E10="K"),58500000,(IF(OR(E10="TK2",E10="K1"),63000000,(IF(OR(OR(E10="TK3",E10="TK4"),E10="K2"),67500000,72000000))))))) -> 54000000 | AK10: =IF((+AI10-AJ10)<=0,0,TRUNC((AI10-AJ10)/1000)*1000) -> 62130000 | AL10: =IF(AK10<=60000000,AK10*5%,IF(AK10<=250000000,3000000+((AK10-60000000)*15%),IF(AK10<=500000000,31500000+((AK10-250000000)*25%),IF(AND(AK10>=500000000,AK10<=5000000000),94000000+((AK10-500000000)*30%),IF(AK10>5000000000,(1444000000+(AK10-5000000000)*35%)))))) -> 3319500 | AM10: =+AL10/12 -> 276625
A11: 4 | B11: SRI | C11: 12 | D11: PERSONALIA | E11: TK | F11: 3201026406760009 | G11: 10106032 | I11: 700000 | J11: 0 | K11: 0 | L11: 0 | N11: =SUM(G11:M11) -> 10806032 | O11: =+AD11*$O$7 -> 120261.78 | P11: =+AD11*$P$7 -> 202120.64 | Q11: =+AD11*$Q$7 -> 202120.64 | R11: =+AE11*$R$7 -> 432241.28 | S11: =SUM(O11:R11) -> 956744.34 | T11: =+N11+S11 -> 11762776 | U11: =+AD11*$U$7-95931 -> 106189.64 | V11: =+AD11*$V$7 -> 101060.32 | W11: =+AE11*$W$7 -> 108060.32 | X11: =+W11*1 -> 108060.32 | Y11: =SUM(U11:X11) -> 423370.6 | Z11: 397549 | AA11: =+N11-Y11-Z11 -> 9985112.4 | AD11: =+G11 -> 10106032 | AE11: =+N11 -> 10806032 | AF11: =+N11+O11+R11 -> 11358535 | AG11: =IF(AF11*$AG$7>500000,500000,AF11*$AG$7) -> 500000 | AH11: =+AF11-AG11-U11-V11 -> 10651285 | AI11: =+AH11*$AI$7 -> 1.2781542e+08 | AJ11: =IF(E11="TK",54000000,(IF(OR(E11="TK1",E11="K"),58500000,(IF(OR(E11="TK2",E11="K1"),63000000,(IF(OR(OR(E11="TK3",E11="TK4"),E11="K2"),67500000,72000000))))))) -> 54000000 | AK11: =IF((+AI11-AJ11)<=0,0,TRUNC((AI11-AJ11)/1000)*1000) -> 73815000 | AL11: =IF(AK11<=60000000,AK11*5%,IF(AK11<=250000000,3000000+((AK11-60000000)*15%),IF(AK11<=500000000,31500000+((AK11-250000000)*25%),IF(AND(AK11>=500000000,AK11<=5000000000),94000000+((AK11-500000000)*30%),IF(AK11>5000000000,(1444000000+(AK11-5000000000)*35%)))))) -> 5072250 | AM11: =+AL11/12 -> 422687.5
A12: 5 | B12: NUR | C12: 12 | D12: FINANCE | E12: K2 | F12: 3201024708880005 | G12: 7970090 | I12: 500000 | J12: 0 | K12: 0 | L12: 0 | N12: =SUM(G12:M12) -> 8470090 | O12: =+AD12*$O$7 -> 94844.071 | P12: =+AD12*$P$7 -> 159401.8 | Q12: =+AD12*$Q$7 -> 159401.8 | R12: =+AE12*$R$7 -> 338803.6 | S12: =SUM(O12:R12) -> 752451.27 | T12: =+N12+S12 -> 9222541.3 | U12: =+AD12*$U$7 -> 159401.8 | V12: =+AD12*$V$7 -> 79700.9 | W12: =+AE12*$W$7 -> 84700.9 | X12: =+W12*2+2920+15 -> 172336.8 | Y12: =SUM(U12:X12) -> 496140.4 | Z12: 89037 | AA12: =+N12-Y12-Z12 -> 7884912.6 | AD12: =+G12 -> 7970090 | AE12: =+N12 -> 8470090 | AF12: =+N12+O12+R12 -> 8903737.7 | AG12: =IF(AF12*$AG$7>500000,500000,AF12*$AG$7) -> 445186.88 | AH12: =+AF12-AG12-U12-V12 -> 8219448.1 | AI12: =+AH12*$AI$7 -> 98633377 | AJ12: =IF(E12="TK",54000000,(IF(OR(E12="TK1",E12="K"),58500000,(IF(OR(E12="TK2",E12="K1"),63000000,(IF(OR(OR(E12="TK3",E12="TK4"),E12="K2"),67500000,72000000))))))) -> 67500000 | AK12: =IF((+AI12-AJ12)<=0,0,TRUNC((AI12-AJ12)/1000)*1000) -> 31133000 | AL12: =IF(AK12<=60000000,AK12*5%,IF(AK12<=250000000,3000000+((AK12-60000000)*15%),IF(AK12<=500000000,31500000+((AK12-250000000)*25%),IF(AND(AK12>=500000000,AK12<=5000000000),94000000+((AK12-500000000)*30%),IF(AK12>5000000000,(1444000000+(AK12-5000000000)*35%)))))) -> 1556650 | AM12: =+AL12/12 -> 129720.83
A13: 6 | B13: SAILAN | C13: 12 | D13: KPL.WONDAN | E13: K1 | F13: 3201022705750006 | G13: 8321247 | I13: 300000 | J13: 0 | K13: 0 | L13: 0 | N13: =SUM(G13:M13) -> 8621247 | O13: =+AD13*$O$7 -> 99022.839 | P13: =+AD13*$P$7 -> 166424.94 | Q13: =+AD13*$Q$7 -> 166424.94 | R13: =+AE13*$R$7 -> 344849.88 | S13: =SUM(O13:R13) -> 776722.6 | T13: =+N13+S13 -> 9397969.6 | U13: =+AD13*$U$7 -> 166424.94 | V13: =+AD13*$V$7 -> 83212.47 | W13: =+AE13*$W$7 -> 86212.47 | X13: =+W13*1 -> 86212.47 | Y13: =SUM(U13:X13) -> 422062.35 | Z13: 90651 | AA13: =+N13-Y13-Z13 -> 8108533.7 | AD13: =+G13 -> 8321247 | AE13: =+N13 -> 8621247 | AF13: =+N13+O13+R13 -> 9065119.7 | AG13: =IF(AF13*$AG$7>500000,500000,AF13*$AG$7) -> 453255.99 | AH13: =+AF13-AG13-U13-V13 -> 8362226.3 | AI13: =+AH13*$AI$7 -> 1.0034672e+08 | AJ13: =IF(E13="TK",54000000,(IF(OR(E13="TK1",E13="K"),58500000,(IF(OR(E13="TK2",E13="K1"),63000000,(IF(OR(OR(E13="TK3",E13="TK4"),E13="K2"),67500000,72000000))))))) -> 63000000 | AK13: =IF((+AI13-AJ13)<=0,0,TRUNC((AI13-AJ13)/1000)*1000) -> 37346000 | AL13: =IF(AK13<=60000000,AK13*5%,IF(AK13<=250000000,3000000+((AK13-60000000)*15%),IF(AK13<=500000000,31500000+((AK13-250000000)*25%),IF(AND(AK13>=500000000,AK13<=5000000000),94000000+((AK13-500000000)*30%),IF(AK13>5000000000,(1444000000+(AK13-5000000000)*35%)))))) -> 1867300 | AM13: =+AL13/12 -> 155608.33
A14: 7 | B14: KUSUMA | C14: 12 | D14: KPL.SHIFT | E14: K2 | F14: 3201021111850018 | G14: 8700359 | I14: 500000 | J14: 0 | K14: 0 | L14: 0 | N14: =SUM(G14:M14) -> 9200359 | O14: =+AD14*$O$7 -> 103534.27 | P14: =+AD14*$P$7 -> 174007.18 | Q14: =+AD14*$Q$7 -> 174007.18 | R14: =+AE14*$R$7 -> 368014.36 | S14: =SUM(O14:R14) -> 819562.99 | T14: =+N14+S14 -> 10019922 | U14: =+AD14*$U$7 -> 174007.18 | V14: =+AD14*$V$7 -> 87003.59 | W14: =+AE14*$W$7 -> 92003.59 | X14: 0 | Y14: =SUM(U14:X14) -> 353014.36 | Z14: 145079 | AA14: =+N14-Y14-Z14 -> 8702265.6 | AD14: =+G14 -> 8700359 | AE14: =+N14 -> 9200359 | AF14: =+N14+O14+R14 -> 9671907.6 | AG14: =IF(AF14*$AG$7>500000,500000,AF14*$AG$7) -> 483595.38 | AH14: =+AF14-AG14-U14-V14 -> 8927301.5 | AI14: =+AH14*$AI$7 -> 1.0712762e+08 | AJ14: =IF(E14="TK",54000000,(IF(OR(E14="TK1",E14="K"),58500000,(IF(OR(E14="TK2",E14="K1"),63000000,(IF(OR(OR(E14="TK3",E14="TK4"),E14="K2"),67500000,72000000))))))) -> 67500000 | AK14: =IF((+AI14-AJ14)<=0,0,TRUNC((AI14-AJ14)/1000)*1000) -> 39627000 | AL14: =IF(AK14<=60000000,AK14*5%,IF(AK14<=250000000,3000000+((AK14-60000000)*15%),IF(AK14<=500000000,31500000+((AK14-250000000)*25%),IF(AND(AK14>=500000000,AK14<=5000000000),94000000+((AK14-500000000)*30%),IF(AK14>5000000000,(1444000000+(AK14-5000000000)*35%)))))) -> 1981350 | AM14: =+AL14/12 -> 165112.5
A15: 9 | B15: YUSUP | C15: 12 | D15: KPL.DELIVERY | E15: K2 | F15: 3201021309850004 | G15: 6519752 | I15: 300000 | J15: 0 | K15: 0 | L15: 0 | N15: =SUM(G15:M15) -> 6819752 | O15: =+AD15*$O$7 -> 77585.049 | P15: =+AD15*$P$7 -> 130395.04 | Q15: =+AD15*$Q$7 -> 130395.04 | R15: =+AE15*$R$7 -> 272790.08 | S15: =SUM(O15:R15) -> 611165.21 | T15: =+N15+S15 -> 7430917.2 | U15: =+AD15*$U$7 -> 130395.04 | V15: =+AD15*$V$7 -> 65197.52 | W15: =+AE15*$W$7 -> 68197.52 | X15: 0 | Y15: =SUM(U15:X15) -> 263790.08 | Z15: 53776 | AA15: =+N15-Y15-Z15 -> 6502185.9 | AD15: =+G15 -> 6519752 | AE15: =+N15 -> 6819752 | AF15: =+N15+O15+R15 -> 7170127.1 | AG15: =IF(AF15*$AG$7>500000,500000,AF15*$AG$7) -> 358506.36 | AH15: =+AF15-AG15-U15-V15 -> 6616028.2 | AI15: =+AH15*$AI$7 -> 79392339 | AJ15: =IF(E15="TK",54000000,(IF(OR(E15="TK1",E15="K"),58500000,(IF(OR(E15="TK2",E15="K1"),63000000,(IF(OR(OR(E15="TK3",E15="TK4"),E15="K2"),67500000,72000000))))))) -> 67500000 | AK15: =IF((+AI15-AJ15)<=0,0,TRUNC((AI15-AJ15)/1000)*1000) -> 11892000 | AL15: =IF(AK15<=60000000,AK15*5%,IF(AK15<=250000000,3000000+((AK15-60000000)*15%),IF(AK15<=500000000,31500000+((AK15-250000000)*25%),IF(AND(AK15>=500000000,AK15<=5000000000),94000000+((AK15-500000000)*30%),IF(AK15>5000000000,(1444000000+(AK15-5000000000)*35%)))))) -> 594600 | AM15: =+AL15/12 -> 49550
A16: 10 | B16: UDIN | C16: 12 | D16: FINISHING | E16: K1 | F16: 3201080506810002 | G16: 6009388 | I16: 200000 | J16: 0 | K16: 0 | L16: 0 | N16: =SUM(G16:M16) -> 6209388 | O16: =+AD16*$O$7 -> 71511.717 | P16: =+AD16*$P$7 -> 120187.76 | Q16: =+AD16*$Q$7 -> 120187.76 | R16: =+AE16*$R$7 -> 248375.52 | S16: =SUM(O16:R16) -> 560262.76 | T16: =+N16+S16 -> 6769650.8 | U16: =+AD16*$U$7 -> 120187.76 | V16: =+AD16*$V$7 -> 60093.88 | W16: =+AE16*$W$7 -> 62093.88 | X16: 0 | Y16: =SUM(U16:X16) -> 242375.52 | Z16: 32646 | AA16: =+N16-Y16-Z16 -> 5934366.5 | AD16: =+G16 -> 6009388 | AE16: =+N16 -> 6209388 | AF16: =+N16+O16+R16 -> 6529275.2 | AG16: =IF(AF16*$AG$7>500000,500000,AF16*$AG$7) -> 326463.76 | AH16: =+AF16-AG16-U16-V16 -> 6022529.8 | AI16: =+AH16*$AI$7 -> 72270358 | AJ16: =IF(E16="TK",54000000,(IF(OR(E16="TK1",E16="K"),58500000,(IF(OR(E16="TK2",E16="K1"),63000000,(IF(OR(OR(E16="TK3",E16="TK4"),E16="K2"),67500000,72000000))))))) -> 63000000 | AK16: =IF((+AI16-AJ16)<=0,0,TRUNC((AI16-AJ16)/1000)*1000) -> 9270000 | AL16: =IF(AK16<=60000000,AK16*5%,IF(AK16<=250000000,3000000+((AK16-60000000)*15%),IF(AK16<=500000000,31500000+((AK16-250000000)*25%),IF(AND(AK16>=500000000,AK16<=5000000000),94000000+((AK16-500000000)*30%),IF(AK16>5000000000,(1444000000+(AK16-5000000000)*35%)))))) -> 463500 | AM16: =+AL16/12 -> 38625
